Dataset,Country,Target,Pattern,Rate,Method,MAE,RMSE,KL_Div,MASE
Influenza_Study,Brazil,INF_ALL,Point,0.1,mean,73.85957376974966,126.42587738900879,17.253628220146954,4.281766437014011
Influenza_Study,Brazil,INF_ALL,Point,0.1,median,57.111486486486484,135.18420240945716,5.7733118583271335,3.31085103155539
Influenza_Study,Brazil,INF_ALL,Point,0.1,most_frequent,58.888513513513516,139.46080409340246,5.7733118583271335,3.413868342563857
Influenza_Study,Brazil,INF_ALL,Point,0.1,LOCF,19.158783783783782,50.947293246935004,0.7604332417856468,1.1106676249601075
Influenza_Study,Brazil,INF_ALL,Point,0.1,Linear,10.617680180180178,26.875925328018702,0.5515002543623524,0.6155251691022378
Influenza_Study,Brazil,INF_ALL,Point,0.1,Rolling,12.546171171171169,28.229456923144582,0.6193713238680714,0.7273231064292338
Influenza_Study,Brazil,INF_ALL,Point,0.1,MICE,63.396868632790365,102.58720832964266,2.0987395431778255,3.675225437529467
Influenza_Study,Brazil,INF_ALL,Point,0.1,SAITS,40.36014766588404,107.58273257381114,1.596889842942366,2.339747128888656
Influenza_Study,Brazil,INF_ALL,Point,0.3,mean,68.3495092693566,111.12552935588694,17.846931660272976,3.41374866361672
Influenza_Study,Brazil,INF_ALL,Point,0.3,median,51.294117647058826,119.35413938458646,7.588136929604637,2.56190903842453
Influenza_Study,Brazil,INF_ALL,Point,0.3,most_frequent,53.88941176470588,123.38232784126507,7.588136929604637,2.691532234267753
Influenza_Study,Brazil,INF_ALL,Point,0.3,LOCF,18.548235294117646,49.15783702703436,0.3987102753145382,0.9264004105458976
Influenza_Study,Brazil,INF_ALL,Point,0.3,Linear,11.403441643323998,25.460378270084156,0.35288410003156934,0.5695503023601298
Influenza_Study,Brazil,INF_ALL,Point,0.3,Rolling,13.265980392156864,31.600778913520102,0.3794083967062294,0.662575683708598
Influenza_Study,Brazil,INF_ALL,Point,0.3,MICE,60.92471105306149,94.2705797021646,1.9317398840077393,3.0429135945803885
Influenza_Study,Brazil,INF_ALL,Point,0.3,SAITS,37.357201462352975,96.8465964001204,1.4449333233841575,1.8658231482832783
Influenza_Study,Brazil,INF_ALL,Point,0.5,mean,70.42302395575348,123.22946620671607,17.772806297789785,2.894507459967736
Influenza_Study,Brazil,INF_ALL,Point,0.5,median,55.20827067669173,132.50783917794834,7.8128418141763145,2.269154920498791
Influenza_Study,Brazil,INF_ALL,Point,0.5,most_frequent,57.71203007518797,136.0740386148747,7.8128418141763145,2.3720637399420603
Influenza_Study,Brazil,INF_ALL,Point,0.5,LOCF,20.890225563909773,54.15274276407595,0.38783287917769316,0.8586242160395821
Influenza_Study,Brazil,INF_ALL,Point,0.5,Linear,16.438178780284044,50.68338184876734,0.31051948943506774,0.6756374326911907
Influenza_Study,Brazil,INF_ALL,Point,0.5,Rolling,17.00031328320802,53.003791798008024,0.35547651283329906,0.6987421280141437
Influenza_Study,Brazil,INF_ALL,Point,0.5,MICE,61.609450721819776,105.52527524122709,1.4865223748969487,2.532254434726708
Influenza_Study,Brazil,INF_ALL,Point,0.5,SAITS,44.80976247930885,119.60204683747942,1.9134594614396767,1.8417583410964178
Influenza_Study,Brazil,INF_ALL,Sequence,0.1,mean,56.087136994850006,69.1255997655705,17.51507408556557,3.305188514282789
Influenza_Study,Brazil,INF_ALL,Sequence,0.1,median,33.55725190839695,68.5283136447437,7.345598220439307,1.9775130185146013
Influenza_Study,Brazil,INF_ALL,Sequence,0.1,most_frequent,34.70992366412214,73.0667372448165,7.345598220439307,2.0454394211068907
Influenza_Study,Brazil,INF_ALL,Sequence,0.1,LOCF,25.931297709923665,59.357533590043396,2.047401605169469,1.5281191364636262
Influenza_Study,Brazil,INF_ALL,Sequence,0.1,Linear,19.087531806615775,40.83327569191549,0.3464172203542226,1.1248192415139087
Influenza_Study,Brazil,INF_ALL,Sequence,0.1,Rolling,15.118320610687023,31.536586652805717,1.379024705586362,0.8909154989008571
Influenza_Study,Brazil,INF_ALL,Sequence,0.1,MICE,59.210181925301946,76.80996512032203,1.6151516702707198,3.4892280781968226
Influenza_Study,Brazil,INF_ALL,Sequence,0.1,SAITS,23.148281517374606,50.77367993144218,1.2278345314881565,1.364117305606744
Influenza_Study,Brazil,INF_ALL,Sequence,0.3,mean,59.41282680299183,71.98458402596513,17.98641556587551,2.988353465553327
Influenza_Study,Brazil,INF_ALL,Sequence,0.3,median,34.26836158192091,69.75168831360908,16.52961743619782,1.7236341477529395
Influenza_Study,Brazil,INF_ALL,Sequence,0.3,most_frequent,35.76271186440678,74.69674094192217,8.905574031540311,1.7987971569163477
Influenza_Study,Brazil,INF_ALL,Sequence,0.3,LOCF,20.76553672316384,47.726933376150676,1.314417448615605,1.0444674486960561
Influenza_Study,Brazil,INF_ALL,Sequence,0.3,Linear,13.279447012497858,28.520946048113952,0.26308115855040387,0.6679312134401154
Influenza_Study,Brazil,INF_ALL,Sequence,0.3,Rolling,15.052966101694915,38.99871204232842,0.5662136181487621,0.7571358886191143
Influenza_Study,Brazil,INF_ALL,Sequence,0.3,MICE,66.60670142360911,86.58988028634597,1.7748013543376218,3.3501918312746364
Influenza_Study,Brazil,INF_ALL,Sequence,0.3,SAITS,26.816132232630995,56.56869374649999,1.3590440410108913,1.34880102500162
Influenza_Study,Brazil,INF_ALL,Sequence,0.5,mean,67.04387882176532,96.93889250021466,18.043797179300082,2.958577683231858
Influenza_Study,Brazil,INF_ALL,Sequence,0.5,median,44.91743970315399,101.97847320951963,16.309934089543503,1.982160594361698
Influenza_Study,Brazil,INF_ALL,Sequence,0.5,most_frequent,47.16233766233766,106.37753722810159,8.422073597124859,2.0812256413114785
Influenza_Study,Brazil,INF_ALL,Sequence,0.5,LOCF,30.728200371057515,73.24670172467563,1.5661827154146022,1.3560040000873845
Influenza_Study,Brazil,INF_ALL,Sequence,0.5,Linear,17.379832046947072,39.909214514169165,0.28089131136503726,0.7669541818890477
Influenza_Study,Brazil,INF_ALL,Sequence,0.5,Rolling,23.34601113172542,62.15694533543522,0.31825109386790223,1.0302355523079008
Influenza_Study,Brazil,INF_ALL,Sequence,0.5,MICE,71.97517605050228,100.57676380465308,1.8413735984686663,3.1761907776220335
Influenza_Study,Brazil,INF_ALL,Sequence,0.5,SAITS,35.88047569780049,81.19850796565989,1.3646522155760659,1.5833686315415427
Influenza_Study,Brazil,INF_ALL,Block,0.1,mean,141.95972126124343,240.22888050599778,15.635188969535895,10.740637094108997
Influenza_Study,Brazil,INF_ALL,Block,0.1,median,151.205223880597,259.7646933197858,10.582463722623968,11.440149515694891
Influenza_Study,Brazil,INF_ALL,Block,0.1,most_frequent,158.0634328358209,265.03176731585813,10.582463722623968,11.959039894241574
Influenza_Study,Brazil,INF_ALL,Block,0.1,LOCF,158.0634328358209,265.03176731585813,10.582463722623968,11.959039894241574
Influenza_Study,Brazil,INF_ALL,Block,0.1,Linear,157.41694306246546,199.5227663604132,3.744303727608251,11.910126639277617
Influenza_Study,Brazil,INF_ALL,Block,0.1,Rolling,153.3152985074627,261.8580610237812,10.251450327963058,11.599797235536105
Influenza_Study,Brazil,INF_ALL,Block,0.1,MICE,158.3470239029261,202.7523706778395,14.80795746237481,11.980496323627644
Influenza_Study,Brazil,INF_ALL,Block,0.1,SAITS,132.89770012471214,236.68271102311104,5.3656399022268975,10.055006835737952
Influenza_Study,Brazil,INF_ALL,Block,0.3,mean,73.92272149888855,76.92289353004945,19.532880251561682,3.6489215942520294
Influenza_Study,Brazil,INF_ALL,Block,0.3,median,23.00497512437811,33.24722709419142,19.54125388724828,1.1355554666346552
Influenza_Study,Brazil,INF_ALL,Block,0.3,most_frequent,7.706467661691542,29.988140276014622,2.311671850597931,0.38040125817843445
Influenza_Study,Brazil,INF_ALL,Block,0.3,LOCF,7.706467661691542,29.988140276014622,2.311671850597931,0.38040125817843445
Influenza_Study,Brazil,INF_ALL,Block,0.3,Linear,11.274508351542538,28.02736061823027,1.6863607738094992,0.5565243832254873
Influenza_Study,Brazil,INF_ALL,Block,0.3,Rolling,7.603233830845771,29.91760035406038,1.851491401737759,0.3753055021376323
Influenza_Study,Brazil,INF_ALL,Block,0.3,MICE,45.8659798349585,54.815968046204844,2.1153524000870507,2.264004366557643
Influenza_Study,Brazil,INF_ALL,Block,0.3,SAITS,9.562335942811634,28.589682475912554,1.8199877970195328,0.4720093281974518
Influenza_Study,Brazil,INF_ALL,Block,0.5,mean,84.56575367414338,89.00704140903916,18.882311472944124,3.476655517069158
Influenza_Study,Brazil,INF_ALL,Block,0.5,median,26.971684053651266,47.07849297444807,18.612567438284053,1.1088561278730042
Influenza_Study,Brazil,INF_ALL,Block,0.5,most_frequent,19.67064083457526,50.49355509183544,7.94071656237165,0.8086966533205758
Influenza_Study,Brazil,INF_ALL,Block,0.5,LOCF,19.67064083457526,50.49355509183544,7.94071656237165,0.8086966533205758
Influenza_Study,Brazil,INF_ALL,Block,0.5,Linear,16.9742211340572,47.809677559208374,5.383104296647426,0.697841821182937
Influenza_Study,Brazil,INF_ALL,Block,0.5,Rolling,19.668405365126677,50.493263631212706,5.820695457503752,0.80860474901116
Influenza_Study,Brazil,INF_ALL,Block,0.5,MICE,73.792197464824,79.01868012192196,18.684488432042727,3.033734570867772
Influenza_Study,Brazil,INF_ALL,Block,0.5,SAITS,15.23403429878451,44.80281574188424,1.429459015211268,0.6262995017601781
Influenza_Study,Brazil,RSV,Point,0.1,mean,8.317941056634524,18.710170385315983,19.866055409971,3.8552073351068326
Influenza_Study,Brazil,RSV,Point,0.1,median,6.513513513513513,18.89113548731256,5.600270858267388,3.0188895188895186
Influenza_Study,Brazil,RSV,Point,0.1,most_frequent,6.513513513513513,18.89113548731256,5.600270858267388,3.0188895188895186
Influenza_Study,Brazil,RSV,Point,0.1,LOCF,2.0472972972972974,6.195573834208994,0.47261486163324673,0.9488833238833239
Influenza_Study,Brazil,RSV,Point,0.1,Linear,1.1047297297297298,2.49883606538758,0.1644890181670035,0.5120211995211995
Influenza_Study,Brazil,RSV,Point,0.1,Rolling,1.47972972972973,3.620871756190044,0.713931357159719,0.685826560826561
Influenza_Study,Brazil,RSV,Point,0.1,MICE,9.457092367994974,17.49679260623383,2.0319348821049505,4.383182282446777
Influenza_Study,Brazil,RSV,Point,0.1,SAITS,6.232073683996458,19.02353265795071,4.12345381176367,2.888447515543036
Influenza_Study,Brazil,RSV,Point,0.3,mean,7.737419975623836,15.919943829311377,20.449303366147323,3.052315545939463
Influenza_Study,Brazil,RSV,Point,0.3,median,5.7447058823529416,16.013468595859806,5.703732395203298,2.2662147236155445
Influenza_Study,Brazil,RSV,Point,0.3,most_frequent,5.7447058823529416,16.013468595859806,5.703732395203298,2.2662147236155445
Influenza_Study,Brazil,RSV,Point,0.3,LOCF,2.347058823529412,7.768829119137126,0.7063657037293151,0.9258853929168567
Influenza_Study,Brazil,RSV,Point,0.3,Linear,1.445686274509804,4.547635132034852,0.26414947538933964,0.570305179780784
Influenza_Study,Brazil,RSV,Point,0.3,Rolling,1.7236274509803922,5.695203161634147,0.40573095158477585,0.6799495026262012
Influenza_Study,Brazil,RSV,Point,0.3,MICE,8.901695288813842,15.187363743801168,3.6113995300116426,3.5116076160867697
Influenza_Study,Brazil,RSV,Point,0.3,SAITS,5.580951956580667,15.930954520554149,4.7870861043045725,2.2016158450593846
Influenza_Study,Brazil,RSV,Point,0.5,mean,7.818282782288067,16.86796483178162,20.580425902504658,2.7362977793563203
Influenza_Study,Brazil,RSV,Point,0.5,median,5.73609022556391,16.988242285176227,5.772191342810586,2.0075573349630873
Influenza_Study,Brazil,RSV,Point,0.5,most_frequent,5.73609022556391,16.988242285176227,5.772191342810586,2.0075573349630873
Influenza_Study,Brazil,RSV,Point,0.5,LOCF,2.389473684210526,9.10283769685796,0.6376711790977098,0.8362848617790917
Influenza_Study,Brazil,RSV,Point,0.5,Linear,1.8109810239885427,7.997991192177967,0.36204769946079635,0.6338199183102535
Influenza_Study,Brazil,RSV,Point,0.5,Rolling,1.8545739348370929,8.312099670952557,0.41265931226449065,0.6490768728707609
Influenza_Study,Brazil,RSV,Point,0.5,MICE,8.954708033455404,16.19609731510995,3.890585919066323,3.1340319081624917
Influenza_Study,Brazil,RSV,Point,0.5,SAITS,5.762484477337142,17.412048554627063,4.93321616839347,2.01679498145478
Influenza_Study,Brazil,RSV,Sequence,0.1,mean,8.294778777239173,18.970979254364217,20.083046000759175,4.484665916201697
Influenza_Study,Brazil,RSV,Sequence,0.1,median,6.358778625954199,19.120849098013604,5.721724619216141,3.43794554843815
Influenza_Study,Brazil,RSV,Sequence,0.1,most_frequent,6.358778625954199,19.120849098013604,5.721724619216141,3.43794554843815
Influenza_Study,Brazil,RSV,Sequence,0.1,LOCF,5.465648854961832,20.883628856079426,1.1520350530269956,2.9550648411545204
Influenza_Study,Brazil,RSV,Sequence,0.1,Linear,5.119847328244275,20.7082939750088,1.0038687215507265,2.7681033365395766
Influenza_Study,Brazil,RSV,Sequence,0.1,Rolling,5.391221374045801,20.873357228408008,0.9193565682100968,2.9148247822142177
Influenza_Study,Brazil,RSV,Sequence,0.1,MICE,10.875517035683826,19.79477297168709,1.970877736641602,5.879971230195455
Influenza_Study,Brazil,RSV,Sequence,0.1,SAITS,6.313780551648322,19.851612236629116,3.6535367490488593,3.413616830873311
Influenza_Study,Brazil,RSV,Sequence,0.3,mean,6.764270111393216,12.962556139935254,20.233136337019335,3.1671416508278485
Influenza_Study,Brazil,RSV,Sequence,0.3,median,4.309322033898305,12.719013526399985,5.868168040514915,2.0176948991734474
Influenza_Study,Brazil,RSV,Sequence,0.3,most_frequent,4.309322033898305,12.719013526399985,5.868168040514915,2.0176948991734474
Influenza_Study,Brazil,RSV,Sequence,0.3,LOCF,3.3686440677966103,13.495788210957826,1.3494799214116888,1.5772541247226064
Influenza_Study,Brazil,RSV,Sequence,0.3,Linear,2.721686395838938,12.85348255078664,0.45923313042034297,1.274337985148497
Influenza_Study,Brazil,RSV,Sequence,0.3,Rolling,2.915960451977401,13.086771742212376,0.4012225814715108,1.365300268549191
Influenza_Study,Brazil,RSV,Sequence,0.3,MICE,9.306648643842655,14.585994535038754,1.913212152096685,4.357524768250807
Influenza_Study,Brazil,RSV,Sequence,0.3,SAITS,4.241470241277232,12.636669851923532,4.00806012084327,1.9859255826094058
Influenza_Study,Brazil,RSV,Sequence,0.5,mean,8.122264143968465,17.433959228328767,20.3539448467596,3.49841882033443
Influenza_Study,Brazil,RSV,Sequence,0.5,median,6.038961038961039,17.520515406554605,6.184197730860628,2.6010992230111456
Influenza_Study,Brazil,RSV,Sequence,0.5,most_frequent,6.038961038961039,17.520515406554605,6.184197730860628,2.6010992230111456
Influenza_Study,Brazil,RSV,Sequence,0.5,LOCF,3.8821892393320963,13.05157814297809,1.5983706590108837,1.6721352147928792
Influenza_Study,Brazil,RSV,Sequence,0.5,Linear,2.8001612333244985,11.34059547491328,0.6070425114598097,1.2060844839560945
Influenza_Study,Brazil,RSV,Sequence,0.5,Rolling,3.361317254174397,12.374654471291674,0.6374059430160485,1.4477854123780163
Influenza_Study,Brazil,RSV,Sequence,0.5,MICE,9.576998973051678,17.09605040497446,2.185639604050614,4.125001705900884
Influenza_Study,Brazil,RSV,Sequence,0.5,SAITS,6.02100640192545,17.533735034360287,5.26436841895019,2.5933658079184805
Influenza_Study,Brazil,RSV,Block,0.1,mean,18.26937333201542,30.579994010717165,17.423237851965375,13.110067545625808
Influenza_Study,Brazil,RSV,Block,0.1,median,18.186567164179106,31.067091577817155,17.423237851965375,13.050645997124958
Influenza_Study,Brazil,RSV,Block,0.1,most_frequent,18.186567164179106,31.067091577817155,17.423237851965375,13.050645997124958
Influenza_Study,Brazil,RSV,Block,0.1,LOCF,22.26865671641791,28.86768580233077,18.187002669609313,15.979945693648286
Influenza_Study,Brazil,RSV,Block,0.1,Linear,33.19742951907131,38.362788392655034,13.90786106202492,23.822412264874593
Influenza_Study,Brazil,RSV,Block,0.1,Rolling,21.583955223880597,27.90626801949912,17.448209913595274,15.488605205246063
Influenza_Study,Brazil,RSV,Block,0.1,MICE,20.23614099919388,28.09903467606612,15.296324181175118,14.52141628182343
Influenza_Study,Brazil,RSV,Block,0.1,SAITS,19.08661114991601,33.122415053460685,11.072865346875979,13.696515848958754
Influenza_Study,Brazil,RSV,Block,0.3,mean,3.410638297872339,3.410638297872339,24.196846736611718,1.19055366606027
Influenza_Study,Brazil,RSV,Block,0.3,median,0.0,0.0,0.0,0.0
Influenza_Study,Brazil,RSV,Block,0.3,most_frequent,0.0,0.0,0.0,0.0
Influenza_Study,Brazil,RSV,Block,0.3,LOCF,0.0,0.0,0.0,0.0
Influenza_Study,Brazil,RSV,Block,0.3,Linear,0.0,0.0,0.0,0.0
Influenza_Study,Brazil,RSV,Block,0.3,Rolling,0.0,0.0,0.0,0.0
Influenza_Study,Brazil,RSV,Block,0.3,MICE,5.471015963697041,6.187814577442172,23.616775180211267,1.9097709999671082
Influenza_Study,Brazil,RSV,Block,0.3,SAITS,0.8927038320854529,1.1377850569462788,3.106080318602824,0.3116166908283421
Influenza_Study,Brazil,RSV,Block,0.5,mean,4.777943368107302,4.777943368107302,23.946747372128847,1.1900453742125991
Influenza_Study,Brazil,RSV,Block,0.5,median,0.0,0.0,0.0,0.0
Influenza_Study,Brazil,RSV,Block,0.5,most_frequent,0.0,0.0,0.0,0.0
Influenza_Study,Brazil,RSV,Block,0.5,LOCF,0.0,0.0,0.0,0.0
Influenza_Study,Brazil,RSV,Block,0.5,Linear,0.0,0.0,0.0,0.0
Influenza_Study,Brazil,RSV,Block,0.5,Rolling,0.0,0.0,0.0,0.0
Influenza_Study,Brazil,RSV,Block,0.5,MICE,8.150621443429808,9.363813954757498,4.899331130388137,2.030080433865417
Influenza_Study,Brazil,RSV,Block,0.5,SAITS,4.141176717647319,4.916278146932122,3.6755557486691304,1.0314455021649456
Influenza_Study,Germany,INF_ALL,Point,0.1,mean,30.118705830388695,45.08478888402161,19.067646080443154,3.292823228049262
Influenza_Study,Germany,INF_ALL,Point,0.1,median,21.470588235294116,49.221662495526594,5.740415387001421,2.3473402894265485
Influenza_Study,Germany,INF_ALL,Point,0.1,most_frequent,21.816176470588236,50.06033124846341,5.740415387001421,2.385122821482387
Influenza_Study,Germany,INF_ALL,Point,0.1,LOCF,6.8713235294117645,17.414127547347704,1.5995263689162202,0.7512292809825718
Influenza_Study,Germany,INF_ALL,Point,0.1,Linear,4.1004901960784315,8.904753127851095,0.9975925052422898,0.44829912148523016
Influenza_Study,Germany,INF_ALL,Point,0.1,Rolling,5.256740196078432,12.545796417981519,0.7790601105033457,0.574709827140136
Influenza_Study,Germany,INF_ALL,Point,0.1,MICE,16.23516443618732,25.76488802166848,1.0108448675650052,1.7749609451259407
Influenza_Study,Germany,INF_ALL,Point,0.1,SAITS,16.94125624176334,40.039604245471736,2.2431272815060743,1.8521566756340588
Influenza_Study,Germany,INF_ALL,Point,0.3,mean,31.03320914919425,50.941287061987666,18.871926379663957,2.7628172062954413
Influenza_Study,Germany,INF_ALL,Point,0.3,median,23.17964824120603,55.30123650330045,5.901721925098985,2.0636322427628357
Influenza_Study,Germany,INF_ALL,Point,0.3,most_frequent,23.526381909547737,56.11000166130955,5.901721925098985,2.094501165802375
Influenza_Study,Germany,INF_ALL,Point,0.3,LOCF,10.669597989949748,26.556815457358226,0.4794972486853377,0.9498904470101763
Influenza_Study,Germany,INF_ALL,Point,0.3,Linear,5.78287269681742,15.23711624577731,0.4448940648555026,0.5148362230851693
Influenza_Study,Germany,INF_ALL,Point,0.3,Rolling,7.566373534338359,20.163980667160367,0.6777228938284404,0.6736173139371001
Influenza_Study,Germany,INF_ALL,Point,0.3,MICE,16.549661371021863,31.065397451258725,1.0944695151642292,1.4733793393523202
Influenza_Study,Germany,INF_ALL,Point,0.3,SAITS,18.922396218656896,48.668808538494645,2.4602076368693107,1.6846186163316097
Influenza_Study,Germany,INF_ALL,Point,0.5,mean,30.58673367834395,49.43740118533631,18.885495479515846,2.250682038284406
Influenza_Study,Germany,INF_ALL,Point,0.5,median,22.712579617834393,53.83206592409445,6.311287664399703,1.6712734195988228
Influenza_Study,Germany,INF_ALL,Point,0.5,most_frequent,23.056528662420384,54.54838835359412,6.311287664399703,1.6965824292131075
Influenza_Study,Germany,INF_ALL,Point,0.5,LOCF,11.60907643312102,30.371145007137713,0.6306879933206524,0.8542376601525025
Influenza_Study,Germany,INF_ALL,Point,0.5,Linear,7.237747699929227,21.750584925136287,0.4729022913987946,0.53257954632137
Influenza_Study,Germany,INF_ALL,Point,0.5,Rolling,9.11046974522293,24.744587059633247,0.3731542421803132,0.670381180008919
Influenza_Study,Germany,INF_ALL,Point,0.5,MICE,16.293421681105617,32.22839225637854,0.9116792748073179,1.1989286566359385
Influenza_Study,Germany,INF_ALL,Point,0.5,SAITS,18.811317324923102,46.9196156748373,2.3937683974778996,1.3842044876354056
Influenza_Study,Germany,INF_ALL,Sequence,0.1,mean,26.202240210175027,33.57214003921899,18.81498754039593,2.8958905226973464
Influenza_Study,Germany,INF_ALL,Sequence,0.1,median,16.447154471544714,36.07456144902994,6.552985229868861,1.8177513974927206
Influenza_Study,Germany,INF_ALL,Sequence,0.1,most_frequent,16.934959349593495,36.94744674721396,6.552985229868861,1.8716639451197912
Influenza_Study,Germany,INF_ALL,Sequence,0.1,LOCF,12.402439024390244,26.57551749413924,2.9127496832532724,1.3707265234182628
Influenza_Study,Germany,INF_ALL,Sequence,0.1,Linear,4.993947606142727,10.377525831421124,1.0129340667392117,0.5519346982346903
Influenza_Study,Germany,INF_ALL,Sequence,0.1,Rolling,9.05691056910569,19.525311902196307,1.6178452058316537,1.0009763009426056
Influenza_Study,Germany,INF_ALL,Sequence,0.1,MICE,11.233266928167128,16.491170975599147,1.7069189201001482,1.2415087784584284
Influenza_Study,Germany,INF_ALL,Sequence,0.1,SAITS,9.668839429088724,22.604718646177098,2.2902421561245885,1.0686071207494445
Influenza_Study,Germany,INF_ALL,Sequence,0.3,mean,29.627046876934955,44.7660218734211,18.468277188670868,2.7963689485146093
Influenza_Study,Germany,INF_ALL,Sequence,0.3,median,23.262536873156343,49.96089916552472,7.5513546358616175,2.1956503476697606
Influenza_Study,Germany,INF_ALL,Sequence,0.3,most_frequent,23.69174041297935,50.645006334945464,7.5513546358616175,2.236161015382917
Influenza_Study,Germany,INF_ALL,Sequence,0.3,LOCF,20.865781710914455,46.29054867632444,1.9082097737303163,1.9694309832921697
Influenza_Study,Germany,INF_ALL,Sequence,0.3,Linear,11.016879711569976,24.975314443540093,0.5652457478422428,1.0398356766005836
Influenza_Study,Germany,INF_ALL,Sequence,0.3,Rolling,14.402654867256636,33.191430994240484,0.5412800352954533,1.3594043650136451
Influenza_Study,Germany,INF_ALL,Sequence,0.3,MICE,15.676441858720521,27.917758094149775,1.0236542580180858,1.4796316156318798
Influenza_Study,Germany,INF_ALL,Sequence,0.3,SAITS,18.965369344856533,42.35969143477287,3.0038545281735223,1.7900592709547256
Influenza_Study,Germany,INF_ALL,Sequence,0.5,mean,30.12559055118111,43.62248230453671,19.037313740334582,2.4332577661324315
Influenza_Study,Germany,INF_ALL,Sequence,0.5,median,20.503937007874015,47.303447461387876,6.519920618425278,1.6561123964005935
Influenza_Study,Germany,INF_ALL,Sequence,0.5,most_frequent,20.757874015748033,48.13156591879466,6.519920618425278,1.6766230049965687
Influenza_Study,Germany,INF_ALL,Sequence,0.5,LOCF,22.114173228346456,51.551107963684586,1.265437223081288,1.786171914474296
Influenza_Study,Germany,INF_ALL,Sequence,0.5,Linear,11.948778632784538,28.252848326117096,0.46344166931062336,0.965108330561186
Influenza_Study,Germany,INF_ALL,Sequence,0.5,Rolling,15.909448818897637,38.41549807208003,0.40695090897397984,1.2850134780827185
Influenza_Study,Germany,INF_ALL,Sequence,0.5,MICE,14.866516976466812,25.248527861203932,0.9678461839457042,1.2007753948215718
Influenza_Study,Germany,INF_ALL,Sequence,0.5,SAITS,17.001944151215667,40.88388015109217,2.2862024324812555,1.3732548271546974
Influenza_Study,Germany,INF_ALL,Block,0.1,mean,24.895970589052908,29.291978146339527,19.476230157527564,2.85691465776017
Influenza_Study,Germany,INF_ALL,Block,0.1,median,13.678571428571429,30.029185538855096,6.772416633925538,1.5696721311475412
Influenza_Study,Germany,INF_ALL,Block,0.1,most_frequent,14.107142857142858,30.88981313565292,6.772416633925538,1.6188524590163937
Influenza_Study,Germany,INF_ALL,Block,0.1,LOCF,27.02777777777778,30.57020932889892,19.292590836136803,3.101548269581057
Influenza_Study,Germany,INF_ALL,Block,0.1,Linear,19.467910261217348,29.332142673196838,3.304294189252287,2.2340224889921547
Influenza_Study,Germany,INF_ALL,Block,0.1,Rolling,26.575396825396826,30.365073660584102,7.117053755415056,3.049635701275046
Influenza_Study,Germany,INF_ALL,Block,0.1,MICE,13.277162704667195,18.46896278980409,1.227438649355613,1.5236088349618093
Influenza_Study,Germany,INF_ALL,Block,0.1,SAITS,10.469954640146286,23.075432106726122,2.6293622220703474,1.201470204606951
Influenza_Study,Germany,INF_ALL,Block,0.3,mean,38.20999585111427,76.71429274207671,17.11450842761113,6.694107509369615
Influenza_Study,Germany,INF_ALL,Block,0.3,median,36.67368421052632,82.44034525834903,7.171737138892238,6.424957119244883
Influenza_Study,Germany,INF_ALL,Block,0.3,most_frequent,37.084210526315786,82.8829231347955,7.171737138892238,6.496878281027474
Influenza_Study,Germany,INF_ALL,Block,0.3,LOCF,36.44736842105263,82.00757346284036,7.171737138892238,6.385308273646787
Influenza_Study,Germany,INF_ALL,Block,0.3,Linear,36.510111893908,82.18595817834505,7.171737138892238,6.396300464131225
Influenza_Study,Germany,INF_ALL,Block,0.3,Rolling,36.44210526315789,82.00750928389039,7.171737138892238,6.384386207470087
Influenza_Study,Germany,INF_ALL,Block,0.3,MICE,27.691286161127913,51.986819819214105,2.049191430452907,4.851307688113857
Influenza_Study,Germany,INF_ALL,Block,0.3,SAITS,30.969525983380645,68.484817702502,2.334576474152987,5.425630959363743
Influenza_Study,Germany,INF_ALL,Block,0.5,mean,33.370744559105965,66.33344286151065,17.746036718000354,5.801615299619357
Influenza_Study,Germany,INF_ALL,Block,0.5,median,30.272082018927446,70.92443050367972,6.279494786860378,5.262902476786892
Influenza_Study,Germany,INF_ALL,Block,0.5,most_frequent,30.645899053627762,71.55391351583907,6.279494786860378,5.327891815695241
Influenza_Study,Germany,INF_ALL,Block,0.5,LOCF,30.23738170347003,70.72042804747201,6.279494786860378,5.25686971114983
Influenza_Study,Germany,INF_ALL,Block,0.5,Linear,30.23738170347003,70.72042804747201,6.279494786860378,5.25686971114983
Influenza_Study,Germany,INF_ALL,Block,0.5,Rolling,30.238170347003155,70.7204308353635,6.279494786860378,5.257006819459764
Influenza_Study,Germany,INF_ALL,Block,0.5,MICE,32.638538652955354,47.568664971041734,2.085514207630321,5.674318859467383
Influenza_Study,Germany,INF_ALL,Block,0.5,SAITS,28.159687365596227,66.86448192428576,4.568206463873024,4.895655617254165
Influenza_Study,Germany,RSV,Point,0.1,mean,3.100745686967367,5.092855373426331,21.81050474864058,3.4314514402740626
Influenza_Study,Germany,RSV,Point,0.1,median,1.6397058823529411,5.130646100810765,2.448210562186065,1.8145864510187635
Influenza_Study,Germany,RSV,Point,0.1,most_frequent,1.6397058823529411,5.130646100810765,2.448210562186065,1.8145864510187635
Influenza_Study,Germany,RSV,Point,0.1,LOCF,0.5514705882352942,1.8590003638894685,1.0676150001740956,0.6102869229883735
Influenza_Study,Germany,RSV,Point,0.1,Linear,0.446078431372549,1.2511024550136478,0.9422465060048738,0.49365431103948426
Influenza_Study,Germany,RSV,Point,0.1,Rolling,0.4650735294117647,1.2745846273285357,0.9607401528103409,0.5146753050535282
Influenza_Study,Germany,RSV,Point,0.1,MICE,2.9460393744548483,4.857116901149262,2.37959443669917,3.260245139440737
Influenza_Study,Germany,RSV,Point,0.1,SAITS,1.4741489189841293,4.796420148719475,1.6027996926316912,1.631372238132143
Influenza_Study,Germany,RSV,Point,0.3,mean,3.491162710102235,5.635540929659321,21.38718609093137,3.3265574507443443
Influenza_Study,Germany,RSV,Point,0.3,median,2.2889447236180906,5.877198081265609,10.72521228935482,2.181022987745746
Influenza_Study,Germany,RSV,Point,0.3,most_frequent,2.2889447236180906,5.877198081265609,10.72521228935482,2.181022987745746
Influenza_Study,Germany,RSV,Point,0.3,LOCF,1.4120603015075377,4.2605175800894495,0.7272485756300944,1.3454828969408446
Influenza_Study,Germany,RSV,Point,0.3,Linear,0.8408710217755443,2.3105218760634187,0.5410008731826643,0.8012246907049867
Influenza_Study,Germany,RSV,Point,0.3,Rolling,1.0356993299832498,3.436160657305486,0.7222076430266792,0.9868670150827237
Influenza_Study,Germany,RSV,Point,0.3,MICE,3.1998790481989277,5.041470767946775,2.6276296824385774,3.0490075579877938
Influenza_Study,Germany,RSV,Point,0.3,SAITS,2.091252382797886,5.422197495350389,2.4954591932712447,1.9926516673808803
Influenza_Study,Germany,RSV,Point,0.5,mean,3.5756667993630575,5.846408380870398,21.5216671534395,2.948194948119992
Influenza_Study,Germany,RSV,Point,0.5,median,2.425955414012739,6.128630472215481,10.669299863357583,2.0002393671666323
Influenza_Study,Germany,RSV,Point,0.5,most_frequent,2.425955414012739,6.128630472215481,10.669299863357583,2.0002393671666323
Influenza_Study,Germany,RSV,Point,0.5,LOCF,1.3861464968152866,4.1818248690815345,0.8286136143325913,1.1429001438257653
Influenza_Study,Germany,RSV,Point,0.5,Linear,0.8723549186128803,2.3363689889057104,0.33405494528682256,0.7192707006369427
Influenza_Study,Germany,RSV,Point,0.5,Rolling,1.0373540339702758,3.427785765718405,0.9240091733917837,0.8553151325251693
Influenza_Study,Germany,RSV,Point,0.5,MICE,3.283881607027723,5.2520238525321306,3.135060238636704,2.707613350826729
Influenza_Study,Germany,RSV,Point,0.5,SAITS,2.3307022796202284,6.006024194972845,3.339403067857036,1.9217016215191303
Influenza_Study,Germany,RSV,Sequence,0.1,mean,3.692551567437071,6.09127159949946,20.944221911563424,4.395711751454744
Influenza_Study,Germany,RSV,Sequence,0.1,median,2.7764227642276422,6.505313650475042,9.997574446342874,3.305127619434363
Influenza_Study,Germany,RSV,Sequence,0.1,most_frequent,2.7764227642276422,6.505313650475042,9.997574446342874,3.305127619434363
Influenza_Study,Germany,RSV,Sequence,0.1,LOCF,1.3455284552845528,3.241938093428993,2.863127288145267,1.6017529165926414
Influenza_Study,Germany,RSV,Sequence,0.1,Linear,0.8059168925022583,1.6843031408150937,2.924106377839857,0.9593849375885365
Influenza_Study,Germany,RSV,Sequence,0.1,Rolling,1.0772357723577235,2.437845243425905,1.8463079157466655,1.2823701598098187
Influenza_Study,Germany,RSV,Sequence,0.1,MICE,3.5940726739813744,5.586578225888762,3.5803153758486213,4.278479853313936
Influenza_Study,Germany,RSV,Sequence,0.1,SAITS,2.6265819536718897,6.152863705197287,3.7937797232608084,3.1267531269517606
Influenza_Study,Germany,RSV,Sequence,0.3,mean,3.454745642696337,5.910841790425237,21.459414378804702,3.8395256963140127
Influenza_Study,Germany,RSV,Sequence,0.3,median,2.252212389380531,6.162559423086146,9.696308197086474,2.5030576016109376
Influenza_Study,Germany,RSV,Sequence,0.3,most_frequent,2.252212389380531,6.162559423086146,9.696308197086474,2.5030576016109376
Influenza_Study,Germany,RSV,Sequence,0.3,LOCF,1.2168141592920354,3.682354479578838,1.536181004714735,1.3523395686503101
Influenza_Study,Germany,RSV,Sequence,0.3,Linear,0.7672308844875217,2.235564108746568,0.664433495816595,0.8526829470711619
Influenza_Study,Germany,RSV,Sequence,0.3,Rolling,0.9373156342182891,2.8083774275925255,0.7926481426375981,1.0417112677300266
Influenza_Study,Germany,RSV,Sequence,0.3,MICE,3.522042800659157,5.4875984703374066,2.833384285787752,3.9143182263613148
Influenza_Study,Germany,RSV,Sequence,0.3,SAITS,2.214739776362052,5.97054777611111,2.8163639351306116,2.4614113921724368
Influenza_Study,Germany,RSV,Sequence,0.5,mean,3.6486712598425193,6.707209533700483,21.37768713108072,3.6343064123628244
Influenza_Study,Germany,RSV,Sequence,0.5,median,2.578740157480315,6.994795590603825,10.736888454173673,2.5685876371752743
Influenza_Study,Germany,RSV,Sequence,0.5,most_frequent,2.578740157480315,6.994795590603825,10.736888454173673,2.5685876371752743
Influenza_Study,Germany,RSV,Sequence,0.5,LOCF,1.5403543307086613,4.3467450941349,1.8929486240128424,1.5342899435798871
Influenza_Study,Germany,RSV,Sequence,0.5,Linear,1.0175446819147607,2.7551334776435574,0.49606258183357016,1.0135386004898994
Influenza_Study,Germany,RSV,Sequence,0.5,Rolling,1.1914370078740157,3.4548016625501172,0.9947313937824344,1.186746310992622
Influenza_Study,Germany,RSV,Sequence,0.5,MICE,3.69549974865646,6.241883823679568,2.8986671899956074,3.6809505370475764
Influenza_Study,Germany,RSV,Sequence,0.5,SAITS,2.4904727821539003,6.779197796116921,2.9007363094026424,2.4806677712005385
Influenza_Study,Germany,RSV,Block,0.1,mean,5.087920106746728,8.07764988536902,20.284484986679686,7.053847924420434
Influenza_Study,Germany,RSV,Block,0.1,median,4.531746031746032,8.600018456975395,6.522883864588032,6.282773052517888
Influenza_Study,Germany,RSV,Block,0.1,most_frequent,4.531746031746032,8.600018456975395,6.522883864588032,6.282773052517888
Influenza_Study,Germany,RSV,Block,0.1,LOCF,4.4523809523809526,8.812644235001116,6.522883864588032,6.172742000810045
Influenza_Study,Germany,RSV,Block,0.1,Linear,4.484095738032746,8.930272428895618,6.522883864588032,6.216711102181486
Influenza_Study,Germany,RSV,Block,0.1,Rolling,4.450396825396825,8.812559805043046,6.522883864588032,6.169991224517348
Influenza_Study,Germany,RSV,Block,0.1,MICE,4.571620018928153,6.76848999125849,4.971570100226109,6.338053999510355
Influenza_Study,Germany,RSV,Block,0.1,SAITS,4.0662336911607,8.238488526067776,5.058859920386729,5.637390816056328
Influenza_Study,Germany,RSV,Block,0.3,mean,2.626689189189189,2.6266891891891886,24.458022006609013,2.197993689444161
Influenza_Study,Germany,RSV,Block,0.3,median,0.0,0.0,0.0,0.0
Influenza_Study,Germany,RSV,Block,0.3,most_frequent,1.0,1.0,25.423746200205542,0.8367924528301887
Influenza_Study,Germany,RSV,Block,0.3,LOCF,0.0,0.0,0.0,0.0
Influenza_Study,Germany,RSV,Block,0.3,Linear,0.0,0.0,0.0,0.0
Influenza_Study,Germany,RSV,Block,0.3,Rolling,0.0,0.0,0.0,0.0
Influenza_Study,Germany,RSV,Block,0.3,MICE,4.131548494515523,6.4598730397817405,3.301113860184368,3.457248598712518
Influenza_Study,Germany,RSV,Block,0.3,SAITS,0.40089054625775467,0.502726016308736,3.0497994895184664,0.3354621835194607
Influenza_Study,Germany,RSV,Block,0.5,mean,3.5055851884285847,4.598321903740997,22.666081699418847,2.787732945069465
Influenza_Study,Germany,RSV,Block,0.5,median,1.1790220820189274,4.300658375245333,4.4546875928327925,0.9375891682386697
Influenza_Study,Germany,RSV,Block,0.5,most_frequent,1.9077287066246056,4.616396849688838,19.739582051558227,1.5170757177052454
Influenza_Study,Germany,RSV,Block,0.5,LOCF,1.1790220820189274,4.300658375245333,4.4546875928327925,0.9375891682386697
Influenza_Study,Germany,RSV,Block,0.5,Linear,1.4407697657666607,4.520144805074721,2.7059869378243233,1.1457377659928345
Influenza_Study,Germany,RSV,Block,0.5,Rolling,1.1758675078864353,4.3002916048141815,2.1148648272462998,0.935080568457429
Influenza_Study,Germany,RSV,Block,0.5,MICE,5.314888620723602,9.430926257617234,1.690252857513548,4.226538312711106
Influenza_Study,Germany,RSV,Block,0.5,SAITS,1.5221746532901628,3.9701981336698395,2.2128323817670066,1.2104730597144133
Influenza_Study,India,INF_ALL,Point,0.1,mean,41.33459637967792,71.26993844507172,16.953645685620078,2.963479440365031
Influenza_Study,India,INF_ALL,Point,0.1,median,32.379265091863516,75.36114420570458,6.051256366623155,2.321427927164735
Influenza_Study,India,INF_ALL,Point,0.1,most_frequent,34.09580052493438,78.81640987409804,6.051256366623155,2.4444947503614065
Influenza_Study,India,INF_ALL,Point,0.1,LOCF,10.10498687664042,23.50605364965007,0.27377109956978996,0.7244759469528821
Influenza_Study,India,INF_ALL,Point,0.1,Linear,7.830708661417323,17.613089163638055,0.39768392783292617,0.5614218149958244
Influenza_Study,India,INF_ALL,Point,0.1,Rolling,9.37762467191601,27.056190972227302,0.24868173870676796,0.6723277919400724
Influenza_Study,India,INF_ALL,Point,0.1,MICE,33.69536886253817,78.41291646146803,0.5542012802265285,2.4157858454072554
Influenza_Study,India,INF_ALL,Point,0.1,SAITS,23.226228014064898,66.54830448266897,2.002095369764576,1.6652019186221454
Influenza_Study,India,INF_ALL,Point,0.3,mean,45.60587646928076,92.1732931694148,16.948528229216162,2.729670408454387
Influenza_Study,India,INF_ALL,Point,0.3,median,35.57575757575758,96.35408386323945,6.469816026927677,2.1293328893328893
Influenza_Study,India,INF_ALL,Point,0.3,most_frequent,37.1951871657754,99.36107309257555,6.469816026927677,2.2262613856731504
Influenza_Study,India,INF_ALL,Point,0.3,LOCF,13.661764705882353,44.55709366598764,0.4115197926955896,0.8177041585865116
Influenza_Study,India,INF_ALL,Point,0.3,Linear,8.156735421441304,19.568470383686158,0.4066903321457756,0.48820899921740263
Influenza_Study,India,INF_ALL,Point,0.3,Rolling,9.576797385620916,24.768962763696507,0.36705101579002564,0.57320464938112
Influenza_Study,India,INF_ALL,Point,0.3,MICE,34.22811726696074,81.86336586836822,0.6695593133075998,2.0486719272605804
Influenza_Study,India,INF_ALL,Point,0.3,SAITS,28.50736616612968,87.6521772720967,1.677948652612387,1.7062650665002161
Influenza_Study,India,INF_ALL,Point,0.5,mean,46.88965816659391,96.87376234444385,16.90002412388458,2.2428277874886273
Influenza_Study,India,INF_ALL,Point,0.5,median,38.322507122507126,101.65984377647435,7.2272778887920035,1.8330435158050402
Influenza_Study,India,INF_ALL,Point,0.5,most_frequent,39.87521367521367,104.74482174700101,7.2272778887920035,1.9073126305393198
Influenza_Study,India,INF_ALL,Point,0.5,LOCF,25.827350427350428,111.7868405528921,0.6079719468865754,1.235374738921361
Influenza_Study,India,INF_ALL,Point,0.5,Linear,12.72159951159951,44.38463138765545,0.34790124720884874,0.608499997687011
Influenza_Study,India,INF_ALL,Point,0.5,Rolling,18.71794871794872,85.76417118000685,0.3074065072429517,0.8953175849618705
Influenza_Study,India,INF_ALL,Point,0.5,MICE,33.01345136987106,74.19229429112788,0.9313510554764124,1.5791005733115555
Influenza_Study,India,INF_ALL,Point,0.5,SAITS,32.04473642219506,96.44019860710861,2.3265475988188484,1.5327649656796103
Influenza_Study,India,INF_ALL,Sequence,0.1,mean,31.360148291685174,41.62736398785596,17.75645657402156,2.3096180398256845
Influenza_Study,India,INF_ALL,Sequence,0.1,median,27.556521739130435,46.3693114406313,17.573031689946035,2.0294878433473205
Influenza_Study,India,INF_ALL,Sequence,0.1,most_frequent,30.48695652173913,50.733660895169855,11.153160747302643,2.2453090497872217
Influenza_Study,India,INF_ALL,Sequence,0.1,LOCF,18.44782608695652,32.914612850988156,1.1769116398094321,1.3586489301550457
Influenza_Study,India,INF_ALL,Sequence,0.1,Linear,10.392560386473427,18.90854158434809,0.6069051983049294,0.7653932221660101
Influenza_Study,India,INF_ALL,Sequence,0.1,Rolling,14.565217391304348,28.59074036786401,0.2555077931657953,1.0727018420974317
Influenza_Study,India,INF_ALL,Sequence,0.1,MICE,29.13967607021214,55.17987806511893,1.3110679833345595,2.146084288264768
Influenza_Study,India,INF_ALL,Sequence,0.1,SAITS,18.314802531574085,36.76069826451401,3.9744118972994587,1.348851986582732
Influenza_Study,India,INF_ALL,Sequence,0.3,mean,43.383377073114815,80.43989206045417,17.51574305473235,2.7688154782559615
Influenza_Study,India,INF_ALL,Sequence,0.3,median,34.73756613756614,85.34139036864183,8.194500841866972,2.2170222165170803
Influenza_Study,India,INF_ALL,Sequence,0.3,most_frequent,36.67724867724868,88.35150756432449,8.194500841866972,2.3408167065062906
Influenza_Study,India,INF_ALL,Sequence,0.3,LOCF,20.607936507936508,54.45103053782723,1.0683469915768462,1.315240477520391
Influenza_Study,India,INF_ALL,Sequence,0.3,Linear,10.115124716553288,19.87164936950758,0.7379449899545534,0.6455678596085689
Influenza_Study,India,INF_ALL,Sequence,0.3,Rolling,14.50925925925926,31.823589536223245,0.46995360364366323,0.9260104751034154
Influenza_Study,India,INF_ALL,Sequence,0.3,MICE,30.277377845645468,63.80397205430062,0.7532527922263726,1.9323639162240156
Influenza_Study,India,INF_ALL,Sequence,0.3,SAITS,27.007016234233898,75.36318893233079,1.6808546533294948,1.7236427778509043
Influenza_Study,India,INF_ALL,Sequence,0.5,mean,45.13653148408239,91.74624856206394,16.376487367111253,2.74322491610291
Influenza_Study,India,INF_ALL,Sequence,0.5,median,39.58402777777778,98.04813455550705,8.06118256302819,2.405765080066104
Influenza_Study,India,INF_ALL,Sequence,0.5,most_frequent,41.93611111111111,100.75486214258035,8.06118256302819,2.5487156656029177
Influenza_Study,India,INF_ALL,Sequence,0.5,LOCF,29.331944444444446,78.86499540353756,0.8246224982259793,1.7826828555960794
Influenza_Study,India,INF_ALL,Sequence,0.5,Linear,15.251417899230399,38.63570358479818,0.5142615332923959,0.9269225660775712
Influenza_Study,India,INF_ALL,Sequence,0.5,Rolling,20.661111111111108,51.23466657476925,0.6549666656793637,1.25570292910873
Influenza_Study,India,INF_ALL,Sequence,0.5,MICE,31.032968931254516,66.09302119191827,0.7475185480684299,1.8860645865729964
Influenza_Study,India,INF_ALL,Sequence,0.5,SAITS,31.116765221125547,87.66419026243669,1.8789132496934113,1.891157403027718
Influenza_Study,India,INF_ALL,Block,0.1,mean,51.28662406248612,66.39433556008869,18.258458757593385,4.0729401171709645
Influenza_Study,India,INF_ALL,Block,0.1,median,43.88095238095239,75.52128056952476,16.189242049134727,3.484816842580573
Influenza_Study,India,INF_ALL,Block,0.1,most_frequent,45.77170868347339,80.28919338966732,8.94495010245747,3.6349717287151924
Influenza_Study,India,INF_ALL,Block,0.1,LOCF,76.98179271708682,80.55035802157738,17.952597401215932,6.113528382510649
Influenza_Study,India,INF_ALL,Block,0.1,Linear,58.32254901960784,69.68898586027369,4.571191732567716,4.631699862876798
Influenza_Study,India,INF_ALL,Block,0.1,Rolling,75.68347338935573,79.62185371598052,6.410556899293795,6.010422027364876
Influenza_Study,India,INF_ALL,Block,0.1,MICE,170.0346947742937,283.02665756256255,0.5873204932808117,13.50334794533111
Influenza_Study,India,INF_ALL,Block,0.1,SAITS,51.341229713931476,62.2183948737328,15.760320538400563,4.077276638680453
Influenza_Study,India,INF_ALL,Block,0.3,mean,53.562190465008364,88.90169741889149,18.387257944601316,3.871629992010485
Influenza_Study,India,INF_ALL,Block,0.3,median,38.029411764705884,89.98981034754188,3.7265493119273074,2.7488758373864366
Influenza_Study,India,INF_ALL,Block,0.3,most_frequent,32.35574229691877,94.13258722456871,3.7265493119273074,2.338766603885444
Influenza_Study,India,INF_ALL,Block,0.3,LOCF,32.35574229691877,94.13258722456871,3.7265493119273074,2.338766603885444
Influenza_Study,India,INF_ALL,Block,0.3,Linear,32.8734879426631,88.41682267989242,3.0669592043568574,2.3761907561259337
Influenza_Study,India,INF_ALL,Block,0.3,Rolling,32.26750700280112,94.11969032270865,2.9733150307127363,2.332388701710533
Influenza_Study,India,INF_ALL,Block,0.3,MICE,29.094188773198393,56.61449161263503,15.513348309162845,2.1030120850101803
Influenza_Study,India,INF_ALL,Block,0.3,SAITS,27.389299322911004,82.31965629486211,1.3284317716742624,1.9797777461698542
Influenza_Study,India,INF_ALL,Block,0.5,mean,48.4102395913097,103.05982388198504,17.099012684882315,3.848756354466765
Influenza_Study,India,INF_ALL,Block,0.5,median,38.88003355704698,106.40129772572382,6.525552413437639,3.091076959706434
Influenza_Study,India,INF_ALL,Block,0.5,most_frequent,39.20973154362416,110.26568737408994,6.525552413437639,3.1172889188210013
Influenza_Study,India,INF_ALL,Block,0.5,LOCF,39.20973154362416,110.26568737408994,6.525552413437639,3.1172889188210013
Influenza_Study,India,INF_ALL,Block,0.5,Linear,39.20973154362416,110.26568737408994,6.525552413437639,3.1172889188210013
Influenza_Study,India,INF_ALL,Block,0.5,Rolling,39.20973154362416,110.26568737408994,6.525552413437639,3.1172889188210013
Influenza_Study,India,INF_ALL,Block,0.5,MICE,27.330239191253185,79.63775793026797,0.6603865146845891,2.172834355798456
Influenza_Study,India,INF_ALL,Block,0.5,SAITS,35.17546338963029,105.22564038898784,2.725726108111866,2.796552741425711
Influenza_Study,India,RSV,Point,0.1,mean,2.7338582677165353,4.1458619705153215,21.356513330819535,2.3196373180625147
Influenza_Study,India,RSV,Point,0.1,median,1.3937007874015748,4.2915408462049704,4.132451666614935,1.1825340014316392
Influenza_Study,India,RSV,Point,0.1,most_frequent,1.3937007874015748,4.2915408462049704,4.132451666614935,1.1825340014316392
Influenza_Study,India,RSV,Point,0.1,LOCF,1.125984251968504,4.915826922371115,0.30782899974831324,0.9553805774278215
Influenza_Study,India,RSV,Point,0.1,Linear,0.8175853018372703,2.954562585221584,1.3082040737770209,0.6937087409528354
Influenza_Study,India,RSV,Point,0.1,Rolling,0.8471128608923886,2.9569398033904735,0.8904791516213841,0.7187624274238449
Influenza_Study,India,RSV,Point,0.1,MICE,2.1683253440412886,3.5659556653012228,1.5232729009691215,1.8397912010047297
Influenza_Study,India,RSV,Point,0.1,SAITS,1.3235830866445706,3.9668551232072375,3.150575541937787,1.1230401947287265
Influenza_Study,India,RSV,Point,0.3,mean,3.2340781611599954,6.759802264915466,21.364427196294187,2.2976016153632317
Influenza_Study,India,RSV,Point,0.3,median,1.8983957219251337,6.9973256923570295,3.6154585306265403,1.3486863520111603
Influenza_Study,India,RSV,Point,0.3,most_frequent,1.8983957219251337,6.9973256923570295,3.6154585306265403,1.3486863520111603
Influenza_Study,India,RSV,Point,0.3,LOCF,1.1631016042780749,4.424349252733155,0.716605734229637,0.8263078353871193
Influenza_Study,India,RSV,Point,0.3,Linear,0.7098930481283422,2.725339109548037,0.3846089683942366,0.5043327133224831
Influenza_Study,India,RSV,Point,0.3,Rolling,0.6985294117647058,2.583085348341245,0.39139387946871734,0.4962595907928389
Influenza_Study,India,RSV,Point,0.3,MICE,2.870913907217921,6.1185995545751375,2.9852488892640285,2.0395970975626447
Influenza_Study,India,RSV,Point,0.3,SAITS,1.8644494631073691,6.773030824753826,2.5125329770547626,1.3245697490075832
Influenza_Study,India,RSV,Point,0.5,mean,3.2802996381250087,7.195376453113123,20.940452510208427,2.0793531178909572
Influenza_Study,India,RSV,Point,0.5,median,1.958974358974359,7.438178253207954,3.699088197632207,1.2417766334084326
Influenza_Study,India,RSV,Point,0.5,most_frequent,1.958974358974359,7.438178253207954,3.699088197632207,1.2417766334084326
Influenza_Study,India,RSV,Point,0.5,LOCF,1.358974358974359,4.670145223679496,0.38496572609051616,0.8614419053749598
Influenza_Study,India,RSV,Point,0.5,Linear,0.9965811965811966,3.8458127104174924,0.3211196908970532,0.6317240639416372
Influenza_Study,India,RSV,Point,0.5,Rolling,0.9554131054131055,3.6052434247837994,0.4086804971233716,0.6056279726781819
Influenza_Study,India,RSV,Point,0.5,MICE,2.909421029226245,6.660977531818941,2.758504092483303,1.8442564264760508
Influenza_Study,India,RSV,Point,0.5,SAITS,1.9494423512719636,7.11793099218151,2.3457903098117217,1.2357343774799268
Influenza_Study,India,RSV,Sequence,0.1,mean,4.348262080658835,8.702804213542185,19.9253867727778,4.0543587511169035
Influenza_Study,India,RSV,Sequence,0.1,median,3.608695652173913,9.233681257505989,5.6612794721814295,3.364780348127496
Influenza_Study,India,RSV,Sequence,0.1,most_frequent,3.608695652173913,9.233681257505989,5.6612794721814295,3.364780348127496
Influenza_Study,India,RSV,Sequence,0.1,LOCF,2.034782608695652,5.5088861021949365,3.5437104269549264,1.8972496420767082
Influenza_Study,India,RSV,Sequence,0.1,Linear,1.920869565217391,4.420235091131417,1.012552628354441,1.791036093738226
Influenza_Study,India,RSV,Sequence,0.1,Rolling,1.7217391304347827,4.766276461174679,1.310386787637336,1.605365081757215
Influenza_Study,India,RSV,Sequence,0.1,MICE,3.6443472072936527,7.714966988236775,2.7737917208234997,3.3980221794176515
Influenza_Study,India,RSV,Sequence,0.1,SAITS,3.464164213512255,8.833052540664019,4.748318402498179,3.2300179321830034
Influenza_Study,India,RSV,Sequence,0.3,mean,4.088859930137011,11.456868648283917,20.200588871861427,3.8349478573876037
Influenza_Study,India,RSV,Sequence,0.3,median,3.2888888888888888,11.780802247185953,3.7556670777820385,3.084653818700928
Influenza_Study,India,RSV,Sequence,0.3,most_frequent,3.2888888888888888,11.780802247185953,3.7556670777820385,3.084653818700928
Influenza_Study,India,RSV,Sequence,0.3,LOCF,2.1523809523809523,6.895132858970677,1.3521326197700059,2.0187213215050472
Influenza_Study,India,RSV,Sequence,0.3,Linear,1.6753791887125222,5.558593311584732,0.3210912681223517,1.5713406523684899
Influenza_Study,India,RSV,Sequence,0.3,Rolling,1.873015873015873,6.535009503156764,0.820597998177031,1.7567043948200265
Influenza_Study,India,RSV,Sequence,0.3,MICE,3.640707036390306,10.789361586422956,2.0854830682842,3.414624586593049
Influenza_Study,India,RSV,Sequence,0.3,SAITS,3.253773515565055,11.568477220811689,3.7556670777820385,3.051719057425041
Influenza_Study,India,RSV,Sequence,0.5,mean,3.5367392322097384,9.725392277701832,19.562958298201703,3.3350419019908806
Influenza_Study,India,RSV,Sequence,0.5,median,2.7083333333333335,10.016860785695288,4.441856988591558,2.553879310344828
Influenza_Study,India,RSV,Sequence,0.5,most_frequent,2.7083333333333335,10.016860785695288,4.441856988591558,2.553879310344828
Influenza_Study,India,RSV,Sequence,0.5,LOCF,2.029166666666667,6.2185877282011015,0.9693246512935929,1.9134449602122017
Influenza_Study,India,RSV,Sequence,0.5,Linear,1.5338425925925925,4.811403967130658,0.29861248272604474,1.4463688107869141
Influenza_Study,India,RSV,Sequence,0.5,Rolling,1.6854166666666666,5.571411401072442,0.690113122584477,1.5892987400530503
Influenza_Study,India,RSV,Sequence,0.5,MICE,3.251679818767115,9.142243928285815,1.7871353487701065,3.066239192497903
Influenza_Study,India,RSV,Sequence,0.5,SAITS,2.693602105602622,9.792936207523837,3.0602190988226066,2.5399881924183876
Influenza_Study,India,RSV,Block,0.1,mean,2.5434225880473353,3.2153549971712394,22.28738396960347,2.157079916445208
Influenza_Study,India,RSV,Block,0.1,median,1.0924369747899159,3.2123710450526164,4.173542489763068,0.9264971811509413
Influenza_Study,India,RSV,Block,0.1,most_frequent,1.0924369747899159,3.2123710450526164,4.173542489763068,0.9264971811509413
Influenza_Study,India,RSV,Block,0.1,LOCF,1.0924369747899159,3.2123710450526164,4.173542489763068,0.9264971811509413
Influenza_Study,India,RSV,Block,0.1,Linear,1.0924369747899159,3.2123710450526164,4.173542489763068,0.9264971811509413
Influenza_Study,India,RSV,Block,0.1,Rolling,1.096638655462185,3.2126980205784315,3.7077944876152253,0.9300606318476758
Influenza_Study,India,RSV,Block,0.1,MICE,5.941956718131033,6.196690708562558,20.184571718746295,5.039381014111129
Influenza_Study,India,RSV,Block,0.1,SAITS,1.8960617930949235,3.1056774147246746,20.621817043857014,1.6080524068020237
Influenza_Study,India,RSV,Block,0.3,mean,2.8383233532934127,2.838323353293413,24.38053268656633,1.793304300489929
Influenza_Study,India,RSV,Block,0.3,median,0.0,0.0,0.0,0.0
Influenza_Study,India,RSV,Block,0.3,most_frequent,0.0,0.0,0.0,0.0
Influenza_Study,India,RSV,Block,0.3,LOCF,0.0,0.0,0.0,0.0
Influenza_Study,India,RSV,Block,0.3,Linear,0.0,0.0,0.0,0.0
Influenza_Study,India,RSV,Block,0.3,Rolling,0.0,0.0,0.0,0.0
Influenza_Study,India,RSV,Block,0.3,MICE,1.5247556305925094,1.7124616469409188,4.779123476261555,0.9633683302379946
Influenza_Study,India,RSV,Block,0.3,SAITS,0.12121466879083329,0.15704367417423573,3.1051470580250338,0.07658563164511739
Influenza_Study,India,RSV,Block,0.5,mean,3.976510067114094,3.9765100671140945,24.13035300310231,1.7924420378279438
Influenza_Study,India,RSV,Block,0.5,median,0.0,0.0,0.0,0.0
Influenza_Study,India,RSV,Block,0.5,most_frequent,0.0,0.0,0.0,0.0
Influenza_Study,India,RSV,Block,0.5,LOCF,0.0,0.0,0.0,0.0
Influenza_Study,India,RSV,Block,0.5,Linear,0.0,0.0,0.0,0.0
Influenza_Study,India,RSV,Block,0.5,Rolling,0.0,0.0,0.0,0.0
Influenza_Study,India,RSV,Block,0.5,MICE,1.4978284946728035,1.9650195693490502,5.003946278541197,0.6751575411593319
Influenza_Study,India,RSV,Block,0.5,SAITS,0.7621778712776683,0.9559415267951734,2.279366796287185,0.3435574495531914
Influenza_Study,South Africa,INF_ALL,Point,0.1,mean,20.988610011865827,31.831305256690115,19.23778323860933,3.344338957934665
Influenza_Study,South Africa,INF_ALL,Point,0.1,median,15.573426573426573,34.44007667121084,5.491921114812217,2.4814800584031356
Influenza_Study,South Africa,INF_ALL,Point,0.1,most_frequent,16.153846153846153,35.693724350955,5.491921114812217,2.57396449704142
Influenza_Study,South Africa,INF_ALL,Point,0.1,LOCF,5.804195804195804,12.85366808412226,0.7224326115096872,0.9248443863828479
Influenza_Study,South Africa,INF_ALL,Point,0.1,Linear,3.7202797202797204,8.606456621112754,0.8400180118246166,0.5927918235610544
Influenza_Study,South Africa,INF_ALL,Point,0.1,Rolling,4.127039627039626,8.916407965225178,0.5168470969117182,0.6576052152975229
Influenza_Study,South Africa,INF_ALL,Point,0.1,MICE,13.610380064410629,18.338627690541404,1.3489056481405985,2.1686869333401555
Influenza_Study,South Africa,INF_ALL,Point,0.1,SAITS,12.356072158663423,28.943371569254396,2.071017308593417,1.968824684622194
Influenza_Study,South Africa,INF_ALL,Point,0.3,mean,20.9230643806915,32.93983550125424,19.380650513003747,3.0417391863468533
Influenza_Study,South Africa,INF_ALL,Point,0.3,median,16.02905569007264,35.73964233030746,7.679795669436428,2.330261281307522
Influenza_Study,South Africa,INF_ALL,Point,0.3,most_frequent,16.878934624697337,37.00804833609156,7.679795669436428,2.4538144096668786
Influenza_Study,South Africa,INF_ALL,Point,0.3,LOCF,6.803874092009686,14.137683403220105,0.831819229637689,0.9891290333042503
Influenza_Study,South Africa,INF_ALL,Point,0.3,Linear,4.714162727237788,10.039950926919955,0.44230800550356586,0.6853323794906292
Influenza_Study,South Africa,INF_ALL,Point,0.3,Rolling,5.549838579499596,12.102140883450055,0.30386185374780295,0.806820701691382
Influenza_Study,South Africa,INF_ALL,Point,0.3,MICE,14.147848935470154,20.12100707742972,0.9627134641729586,2.05677647052735
Influenza_Study,South Africa,INF_ALL,Point,0.3,SAITS,12.96247910948123,29.81597655916655,2.003840950142133,1.8844505729236025
Influenza_Study,South Africa,INF_ALL,Point,0.5,mean,20.60714957844023,32.38198312944051,19.3466254876951,2.464429975146677
Influenza_Study,South Africa,INF_ALL,Point,0.5,median,16.314814814814813,35.31310567054058,7.660360071802202,1.9511052955456825
Influenza_Study,South Africa,INF_ALL,Point,0.5,most_frequent,17.14814814814815,36.61836043554728,7.660360071802202,2.0507644763624318
Influenza_Study,South Africa,INF_ALL,Point,0.5,LOCF,8.104938271604938,17.834458254585922,0.6939329206588662,0.9692778104621572
Influenza_Study,South Africa,INF_ALL,Point,0.5,Linear,5.278647364295512,11.94651884766306,0.27054198177045247,0.6312788065754174
Influenza_Study,South Africa,INF_ALL,Point,0.5,Rolling,5.8892746913580245,13.923716749391447,0.3977796948357031,0.7043043496146625
Influenza_Study,South Africa,INF_ALL,Point,0.5,MICE,14.104164678172896,20.253842423491317,0.9174763967586235,1.6867313975174818
Influenza_Study,South Africa,INF_ALL,Point,0.5,SAITS,13.330642676831763,30.265026946813563,2.2723955285433783,1.5942251147206146
Influenza_Study,South Africa,INF_ALL,Sequence,0.1,mean,21.84971802059153,36.02261463237318,18.171626217912785,3.6028138519651765
Influenza_Study,South Africa,INF_ALL,Sequence,0.1,median,18.41732283464567,39.514873109379884,6.988280813857287,3.0368440344283942
Influenza_Study,South Africa,INF_ALL,Sequence,0.1,most_frequent,19.606299212598426,40.86640419863221,6.988280813857287,3.232895102918641
Influenza_Study,South Africa,INF_ALL,Sequence,0.1,LOCF,11.724409448818898,23.269560394319484,2.7797217436086266,1.9332453045164082
Influenza_Study,South Africa,INF_ALL,Sequence,0.1,Linear,8.603149606299212,14.350861121600575,1.283094610574408,1.418578790943336
Influenza_Study,South Africa,INF_ALL,Sequence,0.1,Rolling,11.070866141732283,19.571995098251588,1.0263029439795097,1.82548213441912
Influenza_Study,South Africa,INF_ALL,Sequence,0.1,MICE,14.591086150836597,20.307603000284324,1.262094674707944,2.4059334427066514
Influenza_Study,South Africa,INF_ALL,Sequence,0.1,SAITS,15.389830858688654,33.66522218420441,2.710463727443141,2.537638963799475
Influenza_Study,South Africa,INF_ALL,Sequence,0.3,mean,20.401381138223243,32.80123472418771,18.77728974901557,3.213000208756561
Influenza_Study,South Africa,INF_ALL,Sequence,0.3,median,16.160818713450293,35.65604859164277,7.419372929983074,2.5451567983654098
Influenza_Study,South Africa,INF_ALL,Sequence,0.3,most_frequent,16.997076023391813,36.93692268327103,7.419372929983074,2.6768584166633125
Influenza_Study,South Africa,INF_ALL,Sequence,0.3,LOCF,8.868421052631579,18.68725368512981,2.323845889601747,1.39668184719419
Influenza_Study,South Africa,INF_ALL,Sequence,0.3,Linear,7.697419474612456,16.178557988116005,0.49634176734344143,1.2122615724520764
Influenza_Study,South Africa,INF_ALL,Sequence,0.3,Rolling,8.201754385964913,16.577260194481944,0.7169491536124714,1.291688948690967
Influenza_Study,South Africa,INF_ALL,Sequence,0.3,MICE,14.808061101594001,20.070934007952218,1.537421061651472,2.332111884403775
Influenza_Study,South Africa,INF_ALL,Sequence,0.3,SAITS,14.11707469733835,30.66534092173989,1.4057431277419503,2.223288886290094
Influenza_Study,South Africa,INF_ALL,Sequence,0.5,mean,20.494201357051157,31.255113002315568,19.251044169039112,2.725553616373641
Influenza_Study,South Africa,INF_ALL,Sequence,0.5,median,14.674285714285714,33.58310232698525,7.425369630500257,1.951554578754579
Influenza_Study,South Africa,INF_ALL,Sequence,0.5,most_frequent,15.415238095238095,34.80396802774348,7.425369630500257,2.0500949124949126
Influenza_Study,South Africa,INF_ALL,Sequence,0.5,LOCF,10.445714285714285,22.994243586063842,1.8354770919599683,1.3891907203907203
Influenza_Study,South Africa,INF_ALL,Sequence,0.5,Linear,7.119874527588814,14.811859471553932,0.4272746881848537,0.9468824585408714
Influenza_Study,South Africa,INF_ALL,Sequence,0.5,Rolling,8.338095238095239,17.399028434834815,0.8957569796759962,1.108895400895401
Influenza_Study,South Africa,INF_ALL,Sequence,0.5,MICE,14.098607483055478,19.48975448030317,1.581628337484901,1.87499429432772
Influenza_Study,South Africa,INF_ALL,Sequence,0.5,SAITS,13.060887015944436,28.091449761850896,1.3784788841184874,1.7369863416076534
Influenza_Study,South Africa,INF_ALL,Block,0.1,mean,20.00672257895427,32.46653597859368,18.009850738848094,3.513156524717569
Influenza_Study,South Africa,INF_ALL,Block,0.1,median,17.46923076923077,36.17723466065791,8.473373111516644,3.067576001842469
Influenza_Study,South Africa,INF_ALL,Block,0.1,most_frequent,19.253846153846155,37.62067762036437,8.473373111516644,3.380952326116997
Influenza_Study,South Africa,INF_ALL,Block,0.1,LOCF,19.93076923076923,32.48372373500778,18.009850738848094,3.499819207738369
Influenza_Study,South Africa,INF_ALL,Block,0.1,Linear,17.405226071638285,33.99818740634866,4.27891523110144,3.056336853597561
Influenza_Study,South Africa,INF_ALL,Block,0.1,Rolling,19.71923076923077,32.43363045690976,9.146606120748595,3.4626733072316904
Influenza_Study,South Africa,INF_ALL,Block,0.1,MICE,16.467909397684377,23.593279698731017,1.7327887321202464,2.8917451681861936
Influenza_Study,South Africa,INF_ALL,Block,0.1,SAITS,15.69403370160323,33.44088679542549,4.039686010623846,2.7558535227515852
Influenza_Study,South Africa,INF_ALL,Block,0.3,mean,21.04625150217237,31.825968755617627,19.806498772354786,3.347433095567004
Influenza_Study,South Africa,INF_ALL,Block,0.3,median,12.907928388746804,32.62681338112335,5.696649816648366,2.0530224434142106
Influenza_Study,South Africa,INF_ALL,Block,0.3,most_frequent,12.856777493606138,33.9317428281469,5.696649816648366,2.0448868284214856
Influenza_Study,South Africa,INF_ALL,Block,0.3,LOCF,12.856777493606138,33.9317428281469,5.696649816648366,2.0448868284214856
Influenza_Study,South Africa,INF_ALL,Block,0.3,Linear,12.856777493606138,33.9317428281469,5.696649816648366,2.0448868284214856
Influenza_Study,South Africa,INF_ALL,Block,0.3,Rolling,12.859335038363172,33.93178051473656,5.696649816648366,2.045293609171122
Influenza_Study,South Africa,INF_ALL,Block,0.3,MICE,13.19323659612345,18.472370405085154,1.3387715783885805,2.0984010770255646
Influenza_Study,South Africa,INF_ALL,Block,0.3,SAITS,11.935421270787563,32.27872298537343,4.147532639501081,1.8983439481964173
Influenza_Study,South Africa,INF_ALL,Block,0.5,mean,21.366856110504724,34.27257396502945,19.645365847869776,3.8004981770323973
Influenza_Study,South Africa,INF_ALL,Block,0.5,median,16.61196319018405,37.086224353657464,7.1837435844365345,2.954750829729458
Influenza_Study,South Africa,INF_ALL,Block,0.5,most_frequent,17.253067484662576,38.339358911147585,7.1837435844365345,3.0687833148949006
Influenza_Study,South Africa,INF_ALL,Block,0.5,LOCF,17.253067484662576,38.339358911147585,7.1837435844365345,3.0687833148949006
Influenza_Study,South Africa,INF_ALL,Block,0.5,Linear,16.64685171788536,37.04646278435791,6.1143663885240365,2.960956412115675
Influenza_Study,South Africa,INF_ALL,Block,0.5,Rolling,17.26073619631902,38.33965894283308,6.191307573181264,3.0701473398370713
Influenza_Study,South Africa,INF_ALL,Block,0.5,MICE,14.10653330207645,20.18386395047219,1.102716257428468,2.5091128906152376
Influenza_Study,South Africa,INF_ALL,Block,0.5,SAITS,14.549384300145634,33.632566793835124,3.045328487021924,2.5878822894521334
Influenza_Study,South Africa,RSV,Point,0.1,mean,8.886136258229282,13.56890173704842,20.53761684994339,4.485604029393372
Influenza_Study,South Africa,RSV,Point,0.1,median,6.146853146853147,14.896143960606212,5.847639532113826,3.1028501524585077
Influenza_Study,South Africa,RSV,Point,0.1,most_frequent,6.146853146853147,14.896143960606212,5.847639532113826,3.1028501524585077
Influenza_Study,South Africa,RSV,Point,0.1,LOCF,1.9090909090909092,4.735670324945923,1.8128421312713887,0.9636838357464991
Influenza_Study,South Africa,RSV,Point,0.1,Linear,1.4335664335664335,3.791527380315204,1.527386914035218,0.7236453711649534
Influenza_Study,South Africa,RSV,Point,0.1,Rolling,1.4889277389277389,3.734128547093151,1.4050956087103916,0.7515910257424618
Influenza_Study,South Africa,RSV,Point,0.1,MICE,7.286288122443659,10.811102998021925,2.5207361434936786,3.678021854671299
Influenza_Study,South Africa,RSV,Point,0.1,SAITS,4.033283840724873,9.984816467143864,1.887413681354412,2.0359483269107277
Influenza_Study,South Africa,RSV,Point,0.3,mean,9.186122728495612,14.012902180367131,20.95417867082607,4.2804446221785835
Influenza_Study,South Africa,RSV,Point,0.3,median,6.593220338983051,15.475904883439258,5.64740126924875,3.072233561096814
Influenza_Study,South Africa,RSV,Point,0.3,most_frequent,6.593220338983051,15.475904883439258,5.64740126924875,3.072233561096814
Influenza_Study,South Africa,RSV,Point,0.3,LOCF,2.1501210653753025,5.094268725722951,1.1897694862013029,1.0018888733947744
Influenza_Study,South Africa,RSV,Point,0.3,Linear,1.4959644874899114,3.789157499332596,0.4856934356884922,0.697072457521477
Influenza_Study,South Africa,RSV,Point,0.3,Rolling,1.5720338983050848,4.153322052667876,0.5918330261059509,0.7325184133463484
Influenza_Study,South Africa,RSV,Point,0.3,MICE,7.074453829764493,10.375287648107415,2.96300530660797,3.2964732505185332
Influenza_Study,South Africa,RSV,Point,0.3,SAITS,5.211987210881612,12.707531726163358,2.79203623516557,2.4286223129238924
Influenza_Study,South Africa,RSV,Point,0.5,mean,8.949657482685938,13.695816442783967,20.817897094348453,3.583145263544798
Influenza_Study,South Africa,RSV,Point,0.5,median,6.441358024691358,15.127442155660008,6.313987995390544,2.578905566120318
Influenza_Study,South Africa,RSV,Point,0.5,most_frequent,6.441358024691358,15.127442155660008,6.313987995390544,2.578905566120318
Influenza_Study,South Africa,RSV,Point,0.5,LOCF,2.388888888888889,5.5989968237264405,1.164168073046961,0.9564316761749525
Influenza_Study,South Africa,RSV,Point,0.5,Linear,1.5004997060552616,3.7872143430117307,0.44642640378256043,0.6007501879377729
Influenza_Study,South Africa,RSV,Point,0.5,Rolling,1.7784207818930038,4.557316027271752,0.68260301573644,0.712020545317798
Influenza_Study,South Africa,RSV,Point,0.5,MICE,7.084963146965942,10.292287377294484,2.9198897601805633,2.8365836560285405
Influenza_Study,South Africa,RSV,Point,0.5,SAITS,5.191608736851507,12.69585651017886,2.8667611490274982,2.0785475077247786
Influenza_Study,South Africa,RSV,Sequence,0.1,mean,9.972016136045864,16.032834157032188,19.766373225447982,5.263505824052934
Influenza_Study,South Africa,RSV,Sequence,0.1,median,8.31496062992126,17.90834055453835,6.420335211878914,4.388866113459336
Influenza_Study,South Africa,RSV,Sequence,0.1,most_frequent,8.31496062992126,17.90834055453835,6.420335211878914,4.388866113459336
Influenza_Study,South Africa,RSV,Sequence,0.1,LOCF,3.1968503937007875,6.065261871906533,2.303768505699122,1.6873860246822827
Influenza_Study,South Africa,RSV,Sequence,0.1,Linear,2.578477690288714,5.076182526896487,1.6090786200390426,1.3609918149818347
Influenza_Study,South Africa,RSV,Sequence,0.1,Rolling,3.251968503937008,6.298981294965934,2.87154854927691,1.7164788871768049
Influenza_Study,South Africa,RSV,Sequence,0.1,MICE,8.134151011512241,11.837677981728124,2.520916667496491,4.293429797817951
Influenza_Study,South Africa,RSV,Sequence,0.1,SAITS,5.6598101317273874,12.396220787191654,2.999444727642415,2.9874042706065564
Influenza_Study,South Africa,RSV,Sequence,0.3,mean,9.344986687091948,14.76754486194182,20.559905206288636,4.629140312523382
Influenza_Study,South Africa,RSV,Sequence,0.3,median,7.286549707602339,16.401576018981615,6.64977198397518,3.6094712726834266
Influenza_Study,South Africa,RSV,Sequence,0.3,most_frequent,7.286549707602339,16.401576018981615,6.64977198397518,3.6094712726834266
Influenza_Study,South Africa,RSV,Sequence,0.3,LOCF,2.865497076023392,6.384374199412864,2.8886243893635313,1.4194549948755049
Influenza_Study,South Africa,RSV,Sequence,0.3,Linear,1.9079133017729506,4.197309672916892,0.9308255688433438,0.9451055067029924
Influenza_Study,South Africa,RSV,Sequence,0.3,Rolling,2.4839181286549707,5.469947132964532,0.9463927611079315,1.2304357328027973
Influenza_Study,South Africa,RSV,Sequence,0.3,MICE,7.372588938603428,10.694405708298385,2.5202321848895277,3.6520917371123165
Influenza_Study,South Africa,RSV,Sequence,0.3,SAITS,5.529267068753531,12.720812336335042,2.5932617145041217,2.738982295398012
Influenza_Study,South Africa,RSV,Sequence,0.5,mean,8.944475823705606,13.833340967734006,20.66697822415044,4.0224290120479544
Influenza_Study,South Africa,RSV,Sequence,0.5,median,6.908571428571428,15.417182745544784,6.379248417914859,3.106860445912469
Influenza_Study,South Africa,RSV,Sequence,0.5,most_frequent,6.908571428571428,15.417182745544784,6.379248417914859,3.106860445912469
Influenza_Study,South Africa,RSV,Sequence,0.5,LOCF,3.3847619047619046,7.413115789887928,2.714410929699286,1.5221646022570876
Influenza_Study,South Africa,RSV,Sequence,0.5,Linear,2.05118820861678,4.4354060874393255,0.45360098316294456,0.922441864915523
Influenza_Study,South Africa,RSV,Sequence,0.5,Rolling,2.757142857142857,6.0453445291555115,1.2147707071239038,1.2399174236168455
Influenza_Study,South Africa,RSV,Sequence,0.5,MICE,7.028200580919612,10.099029172855975,2.6656881738067013,3.1606589895696287
Influenza_Study,South Africa,RSV,Sequence,0.5,SAITS,5.484618400142838,12.521898424249779,2.8481104605374323,2.4664931302376463
Influenza_Study,South Africa,RSV,Block,0.1,mean,11.253846153846155,19.467698821956297,15.729375501313243,6.783536247924737
Influenza_Study,South Africa,RSV,Block,0.1,median,13.7,22.300569154516765,14.025305465607758,8.258016443987666
Influenza_Study,South Africa,RSV,Block,0.1,most_frequent,13.7,22.300569154516765,14.025305465607758,8.258016443987666
Influenza_Study,South Africa,RSV,Block,0.1,LOCF,11.253846153846155,19.62945196930838,15.729375501313243,6.783536247924737
Influenza_Study,South Africa,RSV,Block,0.1,Linear,11.85143863769818,20.881760353076924,7.408795881193299,7.143750011315501
Influenza_Study,South Africa,RSV,Block,0.1,Rolling,11.184615384615384,19.618672424308116,11.168339568416577,6.74180567633805
Influenza_Study,South Africa,RSV,Block,0.1,MICE,14.6832094175605,16.25206211914601,16.01932977211624,8.850670424870742
Influenza_Study,South Africa,RSV,Block,0.1,SAITS,9.958768376937279,17.36003293544119,5.37270804256991,6.002895840774629
Influenza_Study,South Africa,RSV,Block,0.3,mean,8.857612267250826,8.857612267250824,23.242468949731226,3.275807943119527
Influenza_Study,South Africa,RSV,Block,0.3,median,1.0,1.0,25.42374620020554,0.36982968369829683
Influenza_Study,South Africa,RSV,Block,0.3,most_frequent,0.0,0.0,0.0,0.0
Influenza_Study,South Africa,RSV,Block,0.3,LOCF,0.0,0.0,0.0,0.0
Influenza_Study,South Africa,RSV,Block,0.3,Linear,0.0,0.0,0.0,0.0
Influenza_Study,South Africa,RSV,Block,0.3,Rolling,0.0,0.0,0.0,0.0
Influenza_Study,South Africa,RSV,Block,0.3,MICE,5.6683271382145435,6.9982504423091045,2.413359433163108,2.0963156326243566
Influenza_Study,South Africa,RSV,Block,0.3,SAITS,0.06065265849337477,0.12592430270497001,0.49224400707002824,0.02243115350606561
Influenza_Study,South Africa,RSV,Block,0.5,mean,12.403374233128833,12.403374233128833,22.992789000143837,3.2743700834415534
Influenza_Study,South Africa,RSV,Block,0.5,median,4.0,4.0,24.12446320899211,1.0559610705596107
Influenza_Study,South Africa,RSV,Block,0.5,most_frequent,0.0,0.0,0.0,0.0
Influenza_Study,South Africa,RSV,Block,0.5,LOCF,0.0,0.0,0.0,0.0
Influenza_Study,South Africa,RSV,Block,0.5,Linear,0.0,0.0,0.0,0.0
Influenza_Study,South Africa,RSV,Block,0.5,Rolling,0.0,0.0,0.0,0.0
Influenza_Study,South Africa,RSV,Block,0.5,MICE,10.288112470392567,13.36696376550701,3.5896726669308396,2.7159615645683544
Influenza_Study,South Africa,RSV,Block,0.5,SAITS,1.3349823972425978,2.1644113582149864,1.9691850387032552,0.3524223603426323
Influenza_Study,United States of America,INF_ALL,Point,0.1,mean,1698.9316693944354,2572.1422068786565,14.312285158693388,4.786689284107843
Influenza_Study,United States of America,INF_ALL,Point,0.1,median,1158.8053691275168,2732.695345074765,5.373007783863676,3.264899549930943
Influenza_Study,United States of America,INF_ALL,Point,0.1,most_frequent,1225.8322147651006,2832.3028237169306,5.373007783863676,3.4537456875012267
Influenza_Study,United States of America,INF_ALL,Point,0.1,LOCF,376.255033557047,994.2127522036193,0.569624888509522,1.0600873299754927
Influenza_Study,United States of America,INF_ALL,Point,0.1,Linear,111.98489932885906,283.9202236060038,0.3855769728783168,0.31551411234238125
Influenza_Study,United States of America,INF_ALL,Point,0.1,Rolling,184.5634787472036,464.43111897610464,0.7170075660271036,0.5200020941818101
Influenza_Study,United States of America,INF_ALL,Point,0.1,MICE,1129.4334349894675,1809.2347102574263,1.03704784726287,3.18214500192594
Influenza_Study,United States of America,INF_ALL,Point,0.1,SAITS,625.1416872011736,1633.41063086231,0.9670098904940003,1.761318050090588
Influenza_Study,United States of America,INF_ALL,Point,0.3,mean,1918.3789677642294,3437.7922562948597,13.957750325326137,4.270609064957051
Influenza_Study,United States of America,INF_ALL,Point,0.3,median,1467.560324825986,3669.3326869022617,4.496906103995984,3.2670168574030347
Influenza_Study,United States of America,INF_ALL,Point,0.3,most_frequent,1538.8758700696055,3766.139145186337,4.496906103995984,3.4257763200053097
Influenza_Study,United States of America,INF_ALL,Point,0.3,LOCF,521.7737819025522,1503.1517539741747,0.35631023343413726,1.1615493498904028
Influenza_Study,United States of America,INF_ALL,Point,0.3,Linear,176.14581261739033,489.8443081373748,0.11922720887084459,0.39212789378876545
Influenza_Study,United States of America,INF_ALL,Point,0.3,Rolling,283.75638051044086,835.4834627573366,0.22977507761575655,0.6316857050719209
Influenza_Study,United States of America,INF_ALL,Point,0.3,MICE,1263.3919773426117,2171.736732438208,0.6558122179315592,2.812506455552674
Influenza_Study,United States of America,INF_ALL,Point,0.3,SAITS,996.1211654304628,2638.6368233371354,0.6813878066520078,2.217520182594987
Influenza_Study,United States of America,INF_ALL,Point,0.5,mean,1922.148645916252,3493.6436225088264,14.547448906279527,3.305098799762207
Influenza_Study,United States of America,INF_ALL,Point,0.5,median,1500.4416543574594,3731.0435246544075,5.0150764751916075,2.5799814813833746
Influenza_Study,United States of America,INF_ALL,Point,0.5,most_frequent,1571.6543574593795,3828.472868543,5.0150764751916075,2.7024303981464093
Influenza_Study,United States of America,INF_ALL,Point,0.5,LOCF,677.7858197932053,1888.6943504271153,0.5135470085401806,1.1654400944764236
Influenza_Study,United States of America,INF_ALL,Point,0.5,Linear,220.4993857119411,641.5819044221888,0.29896276439159153,0.3791445872894229
Influenza_Study,United States of America,INF_ALL,Point,0.5,Rolling,347.4439931068439,1003.170897390472,0.42221515707728163,0.5974234755682113
Influenza_Study,United States of America,INF_ALL,Point,0.5,MICE,1244.289316878481,2210.2614479734825,0.8711318883412852,2.139532307508743
Influenza_Study,United States of America,INF_ALL,Point,0.5,SAITS,1069.4724260890853,2892.210291993187,0.5565299351492933,1.8389379194765039
Influenza_Study,United States of America,INF_ALL,Sequence,0.1,mean,1917.8818051060766,2780.506820918085,14.492081798848664,5.513945070405365
Influenza_Study,United States of America,INF_ALL,Sequence,0.1,median,1592.0111111111112,3107.5197627570974,4.789139845693544,4.5770608985240155
Influenza_Study,United States of America,INF_ALL,Sequence,0.1,most_frequent,1642.4407407407407,3225.551985204898,4.789139845693544,4.72204700087837
Influenza_Study,United States of America,INF_ALL,Sequence,0.1,LOCF,1130.5222222222221,2862.022478041501,0.958106385484529,3.250271949819745
Influenza_Study,United States of America,INF_ALL,Sequence,0.1,Linear,358.3893827160494,806.8815128602279,0.48660229857753534,1.0303759933754018
Influenza_Study,United States of America,INF_ALL,Sequence,0.1,Rolling,670.175925925926,1601.3856709517634,0.6020997835998985,1.9267679755996359
Influenza_Study,United States of America,INF_ALL,Sequence,0.1,MICE,1265.0546464622246,1749.893266933069,0.8912146385106121,3.637055116265613
Influenza_Study,United States of America,INF_ALL,Sequence,0.1,SAITS,934.9619287702773,2036.0441965458324,0.6154457236707297,2.6880325494690354
Influenza_Study,United States of America,INF_ALL,Sequence,0.3,mean,1904.1565400347151,2927.935695114323,14.511557157311378,4.782494969570405
Influenza_Study,United States of America,INF_ALL,Sequence,0.3,median,1559.1616022099447,3229.204791850028,5.964045570714601,3.916002892903148
Influenza_Study,United States of America,INF_ALL,Sequence,0.3,most_frequent,1614.6201657458564,3340.078110853429,5.964045570714601,4.055293069710388
Influenza_Study,United States of America,INF_ALL,Sequence,0.3,LOCF,813.628453038674,2023.4913039893306,1.028874266603603,2.0435158044757538
Influenza_Study,United States of America,INF_ALL,Sequence,0.3,Linear,397.3245220555994,814.5714902930969,0.3913741995724596,0.997923483740064
Influenza_Study,United States of America,INF_ALL,Sequence,0.3,Rolling,618.3273480662983,1357.5014829616555,0.3687373549226125,1.5529959693444995
Influenza_Study,United States of America,INF_ALL,Sequence,0.3,MICE,1270.5655839310118,2156.212913766085,1.0484907903751486,3.1911627988046436
Influenza_Study,United States of America,INF_ALL,Sequence,0.3,SAITS,1027.1172609065777,2351.3943314998824,1.1176432152596452,2.5797160213283123
Influenza_Study,United States of America,INF_ALL,Sequence,0.5,mean,1936.384623320495,2945.9593419796965,14.776749321369806,4.363143053465262
Influenza_Study,United States of America,INF_ALL,Sequence,0.5,median,1541.1462522851918,3235.547437073095,13.208952019836774,3.472575377871721
Influenza_Study,United States of America,INF_ALL,Sequence,0.5,most_frequent,1603.654478976234,3349.8621115445894,6.329841411069387,3.6134215361126256
Influenza_Study,United States of America,INF_ALL,Sequence,0.5,LOCF,1029.5539305301645,2361.3781454664677,1.7229348269171931,2.3198341001373723
Influenza_Study,United States of America,INF_ALL,Sequence,0.5,Linear,548.5678913053227,1260.1569697796028,0.5414866526577122,1.2360561819575844
Influenza_Study,United States of America,INF_ALL,Sequence,0.5,Rolling,764.9739488117002,1720.447491550884,0.4970493771355614,1.723671387720596
Influenza_Study,United States of America,INF_ALL,Sequence,0.5,MICE,1328.4663903302492,2158.7375296002115,0.6492474288592535,2.9933561922176777
Influenza_Study,United States of America,INF_ALL,Sequence,0.5,SAITS,1148.4988750565858,2625.7599088651223,1.4445735818848149,2.5878458382007197
Influenza_Study,United States of America,INF_ALL,Block,0.1,mean,2201.8742088514,4666.600038514205,13.309312359878737,7.303870908289094
Influenza_Study,United States of America,INF_ALL,Block,0.1,median,1972.8284671532847,4988.241558759975,4.820867419320826,6.544099744826928
Influenza_Study,United States of America,INF_ALL,Block,0.1,most_frequent,2101.543795620438,5074.574163753118,4.820756642398064,6.971063346681607
Influenza_Study,United States of America,INF_ALL,Block,0.1,LOCF,2088.8795620437954,5069.204257548174,4.820867419320826,6.929054622103073
Influenza_Study,United States of America,INF_ALL,Block,0.1,Linear,2365.8134983603086,4627.692192313492,1.551215775005386,7.847676454744136
Influenza_Study,United States of America,INF_ALL,Block,0.1,Rolling,2067.950729927007,5061.428978038344,3.909804440071123,6.859631270202323
Influenza_Study,United States of America,INF_ALL,Block,0.1,MICE,6075.3052705739665,7306.550504113735,1.4004511780610183,20.152488841707147
Influenza_Study,United States of America,INF_ALL,Block,0.1,SAITS,1914.9491059240634,4836.85683227496,0.9152580324155608,6.352107222741396
Influenza_Study,United States of America,INF_ALL,Block,0.3,mean,1583.7750570255475,1674.9489142053294,15.472881198299401,3.988545917580203
Influenza_Study,United States of America,INF_ALL,Block,0.3,median,605.9914841849148,1080.5941939709817,15.59620416666022,1.526116255974804
Influenza_Study,United States of America,INF_ALL,Block,0.3,most_frequent,586.8832116788321,1199.3610251351088,6.7320411446719035,1.4779943828855266
Influenza_Study,United States of America,INF_ALL,Block,0.3,LOCF,585.9610705596107,1198.8720124307602,6.7320411446719035,1.4756720820131977
Influenza_Study,United States of America,INF_ALL,Block,0.3,Linear,1311.4247395648783,1571.317156097113,1.3614002828304497,3.3026645848488076
Influenza_Study,United States of America,INF_ALL,Block,0.3,Rolling,570.8783454987835,1170.5266236367013,6.55379675861297,1.4376880632597209
Influenza_Study,United States of America,INF_ALL,Block,0.3,MICE,902.134126911573,1061.2625516757312,0.8180366459289996,2.2719156821175353
Influenza_Study,United States of America,INF_ALL,Block,0.3,SAITS,460.802246019498,898.9229765230561,2.115664561547084,1.1604747208385982
Influenza_Study,United States of America,INF_ALL,Block,0.5,mean,1843.7567204358284,2014.5922107513145,15.175071683412176,4.057843493412829
Influenza_Study,United States of America,INF_ALL,Block,0.5,median,791.6058394160584,1564.7040157596282,13.853817116471092,1.74221065567845
Influenza_Study,United States of America,INF_ALL,Block,0.5,most_frequent,819.7664233576643,1693.0844741170922,6.939125071342509,1.804188052724162
Influenza_Study,United States of America,INF_ALL,Block,0.5,LOCF,818.8131386861314,1692.6005150801636,6.939125071342509,1.802090010201049
Influenza_Study,United States of America,INF_ALL,Block,0.5,Linear,768.5464429358814,1579.4651839963217,4.655189457339652,1.6914602389168534
Influenza_Study,United States of America,INF_ALL,Block,0.5,Rolling,818.7204379562044,1692.5852809272799,5.707711369415819,1.8018859892206236
Influenza_Study,United States of America,INF_ALL,Block,0.5,MICE,1070.5822640332779,1404.9438523192316,2.283768005304029,2.3561976621534506
Influenza_Study,United States of America,INF_ALL,Block,0.5,SAITS,634.1581925691479,1425.9668661259852,1.167690913579399,1.3956910187711071
COVID19_Study,Bhutan,new_cases,Point,0.1,mean,70.96465008767731,150.45198102820194,18.60338135065878,2.9721733842722227
COVID19_Study,Bhutan,new_cases,Point,0.1,median,27.617886178861788,149.76575205234633,0.6648812432435975,1.1567047273432043
COVID19_Study,Bhutan,new_cases,Point,0.1,most_frequent,27.723577235772357,149.94741625742145,0.6648812432435975,1.161131327712784
COVID19_Study,Bhutan,new_cases,Point,0.1,LOCF,19.88617886178862,113.88091055404276,0.22809175954084768,0.8328818849224251
COVID19_Study,Bhutan,new_cases,Point,0.1,Linear,15.560975609756097,85.0108128517564,0.6963291084813664,0.6517317774904012
COVID19_Study,Bhutan,new_cases,Point,0.1,Rolling,15.027100271002709,79.17568341177594,0.5794655906354987,0.6293717704953457
COVID19_Study,Bhutan,new_cases,Point,0.1,MICE,83.03976153975513,153.9164113984902,1.8596147225771427,3.4779086316897034
COVID19_Study,Bhutan,new_cases,Point,0.1,SAITS,22.320925132682873,137.37245663878852,0.4513314568708993,0.93485502302523
COVID19_Study,Bhutan,new_cases,Point,0.3,mean,82.47883079491514,188.6340614651306,18.400983052692744,3.036030581407919
COVID19_Study,Bhutan,new_cases,Point,0.3,median,40.03867403314917,191.19559855309782,1.1886738803886496,1.4738162220791104
COVID19_Study,Bhutan,new_cases,Point,0.3,most_frequent,39.98342541436464,191.60295041500484,1.1886738803886496,1.4717825305901093
COVID19_Study,Bhutan,new_cases,Point,0.3,LOCF,14.820441988950277,75.57000705869247,0.23560068939982498,0.5455377419245501
COVID19_Study,Bhutan,new_cases,Point,0.3,Linear,14.418845917740946,65.12040921528713,0.4229353376722726,0.5307550644567219
COVID19_Study,Bhutan,new_cases,Point,0.3,Rolling,14.258747697974215,64.5045137755625,0.42434282618814373,0.5248618784530386
COVID19_Study,Bhutan,new_cases,Point,0.3,MICE,80.4585736378053,188.00933714705917,3.550005160571114,2.9616652872811766
COVID19_Study,Bhutan,new_cases,Point,0.3,SAITS,32.79986253495004,172.8776717109335,0.5686230962435745,1.2073569031269953
COVID19_Study,Bhutan,new_cases,Point,0.5,mean,88.09794862374085,188.8655129248507,18.701098576034312,2.919584392397437
COVID19_Study,Bhutan,new_cases,Point,0.5,median,44.53508771929825,192.50997240061153,1.7308917870538525,1.4759020959118538
COVID19_Study,Bhutan,new_cases,Point,0.5,most_frequent,44.53157894736842,192.9616951352617,1.7308917870538525,1.4757858144782583
COVID19_Study,Bhutan,new_cases,Point,0.5,LOCF,18.517543859649123,69.4597573760292,0.4555268349431431,0.6136752658006547
COVID19_Study,Bhutan,new_cases,Point,0.5,Linear,16.368440545808966,63.55148904775958,0.30072295285579326,0.5424535337313284
COVID19_Study,Bhutan,new_cases,Point,0.5,Rolling,17.83669590643275,72.30664232198272,0.4095031718383931,0.5911118226233798
COVID19_Study,Bhutan,new_cases,Point,0.5,MICE,86.24325967263191,188.24150509067556,17.949442397879224,2.8581196137164224
COVID19_Study,Bhutan,new_cases,Point,0.5,SAITS,39.51590359410671,182.17938641900935,0.9861390623684267,1.3095652871279861
COVID19_Study,Bhutan,new_cases,Sequence,0.1,mean,121.80703959773722,357.40853158249564,1.451575481829893,5.199696001377404
COVID19_Study,Bhutan,new_cases,Sequence,0.1,median,90.64864864864865,366.3599864063209,1.451575481829893,3.869607351637825
COVID19_Study,Bhutan,new_cases,Sequence,0.1,most_frequent,90.85585585585585,366.60653479084544,1.451575481829893,3.8784526079574104
COVID19_Study,Bhutan,new_cases,Sequence,0.1,LOCF,34.81981981981982,137.42860554346618,1.1382906769431382,1.4863876380520964
COVID19_Study,Bhutan,new_cases,Sequence,0.1,Linear,24.755755755755754,108.48594225213238,0.7479423264376288,1.0567731113027568
COVID19_Study,Bhutan,new_cases,Sequence,0.1,Rolling,31.635135135135137,155.4465740612748,0.7541868903829023,1.3504398941836835
COVID19_Study,Bhutan,new_cases,Sequence,0.1,MICE,135.28182980369832,345.7470166024759,2.3573241443910606,5.774907524329785
COVID19_Study,Bhutan,new_cases,Sequence,0.1,SAITS,65.21278502276746,309.4289323571221,0.7630235968633938,2.783801811795017
COVID19_Study,Bhutan,new_cases,Sequence,0.3,mean,99.2087183655432,266.3370696304844,18.153999854885093,4.326619588540854
COVID19_Study,Bhutan,new_cases,Sequence,0.3,median,71.07641196013289,274.5312404688317,1.695891976154383,3.099733585276486
COVID19_Study,Bhutan,new_cases,Sequence,0.3,most_frequent,71.19933554817275,274.7886472626768,1.695891976154383,3.10509444078061
COVID19_Study,Bhutan,new_cases,Sequence,0.3,LOCF,31.269102990033222,118.48590759665608,1.1559106806704358,1.3636857298598806
COVID19_Study,Bhutan,new_cases,Sequence,0.3,Linear,24.41624742920424,95.25277559428655,0.3733723369894621,1.064823900018708
COVID19_Study,Bhutan,new_cases,Sequence,0.3,Rolling,28.64784053156146,120.5063789822567,0.4670252658587619,1.2493691084341
COVID19_Study,Bhutan,new_cases,Sequence,0.3,MICE,97.6530794179305,265.52347444886595,2.2407910773298214,4.258776176647975
COVID19_Study,Bhutan,new_cases,Sequence,0.3,SAITS,61.07893000040443,254.76032873148893,1.3010561564140903,2.6637305605859845
COVID19_Study,Bhutan,new_cases,Sequence,0.5,mean,92.1470187848678,239.54884685048356,18.305753460239757,3.923969471766819
COVID19_Study,Bhutan,new_cases,Sequence,0.5,median,64.44902386117137,247.29210686379915,1.7252961753650147,2.744483820001107
COVID19_Study,Bhutan,new_cases,Sequence,0.5,most_frequent,64.529284164859,247.55089312193235,1.7252961753650147,2.747901608070847
COVID19_Study,Bhutan,new_cases,Sequence,0.5,LOCF,39.92190889370933,166.89557960065514,0.9103002703237002,1.7000262604187126
COVID19_Study,Bhutan,new_cases,Sequence,0.5,Linear,28.121441874587212,114.99551235271848,0.35729580068655575,1.1975176286014189
COVID19_Study,Bhutan,new_cases,Sequence,0.5,Rolling,34.23318872017354,142.1508490402479,0.8177013062939896,1.4577789843945834
COVID19_Study,Bhutan,new_cases,Sequence,0.5,MICE,91.85492294526414,239.403321076128,18.305753460239757,3.9115309233194644
COVID19_Study,Bhutan,new_cases,Sequence,0.5,SAITS,56.64924200692915,232.0659085237374,1.3179940984762497,2.412339532686265
COVID19_Study,Bhutan,new_cases,Block,0.1,mean,39.56639046596083,42.010363866234044,18.91396240351818,1.569343676171299
COVID19_Study,Bhutan,new_cases,Block,0.1,median,18.657894736842106,23.969827525014598,14.657661397599487,0.7400384207683341
COVID19_Study,Bhutan,new_cases,Block,0.1,most_frequent,19.535087719298247,24.75121829360211,14.64686733860579,0.7748310122478045
COVID19_Study,Bhutan,new_cases,Block,0.1,LOCF,17.13157894736842,22.459124664638075,15.015781346640646,0.6794993115940557
COVID19_Study,Bhutan,new_cases,Block,0.1,Linear,12.73432494279176,15.986428740971519,0.6610488575522913,0.5050885886715769
COVID19_Study,Bhutan,new_cases,Block,0.1,Rolling,16.30263157894737,21.419422650171192,14.282700004000647,0.6466203126459563
COVID19_Study,Bhutan,new_cases,Block,0.1,MICE,48.21393623842837,54.62198034271776,14.356565797841682,1.9123360773633906
COVID19_Study,Bhutan,new_cases,Block,0.1,SAITS,13.150199237622713,17.68367173492374,15.509128964783015,0.5215836413410043
COVID19_Study,Bhutan,new_cases,Block,0.3,mean,74.43751232012615,74.63882680003223,20.68020864454179,2.3004716779765477
COVID19_Study,Bhutan,new_cases,Block,0.3,median,3.2777777777777777,5.490821687782034,19.534816830695437,0.1012988573832273
COVID19_Study,Bhutan,new_cases,Block,0.3,most_frequent,2.628654970760234,6.07626963124407,10.870378817485463,0.08123788830287364
COVID19_Study,Bhutan,new_cases,Block,0.3,LOCF,2.628654970760234,6.07626963124407,10.870378817485463,0.08123788830287364
COVID19_Study,Bhutan,new_cases,Block,0.3,Linear,2.9208480384635056,5.516079291675401,2.8761862404072387,0.09026803796534051
COVID19_Study,Bhutan,new_cases,Block,0.3,Rolling,2.6228070175438596,6.071455599723612,9.747449412374369,0.08105715885169928
COVID19_Study,Bhutan,new_cases,Block,0.3,MICE,104.29151548067009,119.7504640759896,19.408245425931057,3.2231017686987586
COVID19_Study,Bhutan,new_cases,Block,0.3,SAITS,4.932543101105076,7.549617885229198,0.953329749816458,0.15243894309217573
COVID19_Study,Bhutan,new_cases,Block,0.5,mean,100.30140043844074,100.66863121446829,20.156972423537116,2.339164337949259
COVID19_Study,Bhutan,new_cases,Block,0.5,median,4.507880910683013,8.975350560745033,19.001254799889168,0.10512988073844144
COVID19_Study,Bhutan,new_cases,Block,0.5,most_frequent,4.5989492119089315,9.744368349765002,8.414686926846663,0.1072537167129554
COVID19_Study,Bhutan,new_cases,Block,0.5,LOCF,4.5989492119089315,9.744368349765002,8.414686926846663,0.1072537167129554
COVID19_Study,Bhutan,new_cases,Block,0.5,Linear,4.5989492119089315,9.744368349765002,8.414686926846663,0.1072537167129554
COVID19_Study,Bhutan,new_cases,Block,0.5,Rolling,4.599824868651488,9.744390815452405,8.414686926846663,0.10727413821271034
COVID19_Study,Bhutan,new_cases,Block,0.5,MICE,196.53017224475482,211.5192891717362,19.11912877748093,4.583349467070536
COVID19_Study,Bhutan,new_cases,Block,0.5,SAITS,4.9914847113625935,8.170158107775412,1.6464966829329197,0.11640817555089206
COVID19_Study,Czechia,new_cases,Point,0.1,mean,3690.4483341304017,4437.2131843990255,13.678608715056578,2.4383133904687204
COVID19_Study,Czechia,new_cases,Point,0.1,median,2680.528455284553,4680.825171329607,13.02647978813286,1.771049973957395
COVID19_Study,Czechia,new_cases,Point,0.1,most_frequent,2936.788617886179,5175.297239804222,6.134349583587367,1.9403634365349633
COVID19_Study,Czechia,new_cases,Point,0.1,LOCF,942.8373983739838,1871.6011991822638,0.3959203971950862,0.622941400433312
COVID19_Study,Czechia,new_cases,Point,0.1,Linear,744.4457994579947,1407.5898102246401,0.1707792376938906,0.4918622337858424
COVID19_Study,Czechia,new_cases,Point,0.1,Rolling,948.9017615176151,1682.6740272389195,0.15503184417556126,0.6269481813225142
COVID19_Study,Czechia,new_cases,Point,0.1,MICE,3085.7510603367596,4105.908743725908,0.7810383029059477,2.0387843017574983
COVID19_Study,Czechia,new_cases,Point,0.1,SAITS,1558.9604221902243,2946.7752875442075,0.6480020304190979,1.0300195879948275
COVID19_Study,Czechia,new_cases,Point,0.3,mean,4276.339998302218,5933.767424006966,13.620447586326703,2.4960490288145367
COVID19_Study,Czechia,new_cases,Point,0.3,median,3377.74861878453,6434.660830437175,12.944373969430409,1.9715518791405815
COVID19_Study,Czechia,new_cases,Point,0.3,most_frequent,3620.743093922652,6924.006203298414,6.003351502628456,2.113384877432721
COVID19_Study,Czechia,new_cases,Point,0.3,LOCF,1320.8149171270718,2606.2282493759644,0.505904774696399,0.7709440298123338
COVID19_Study,Czechia,new_cases,Point,0.3,Linear,994.045176707884,1976.3562178853429,0.2795202758059275,0.5802124010028582
COVID19_Study,Czechia,new_cases,Point,0.3,Rolling,1203.6650552486187,2420.7549460854325,0.1874344743239046,0.7025650423876756
COVID19_Study,Czechia,new_cases,Point,0.3,MICE,3521.113526343633,5250.775011832079,1.703527294260149,2.055232278365399
COVID19_Study,Czechia,new_cases,Point,0.3,SAITS,1731.5147504226939,3421.9996534044926,0.7163898343578216,1.0106646601735358
COVID19_Study,Czechia,new_cases,Point,0.5,mean,4416.598472183951,6702.635441503053,13.234645918790427,2.4906530805071627
COVID19_Study,Czechia,new_cases,Point,0.5,median,3586.1631578947367,7252.208089277047,12.578946113111833,2.0223455613331125
COVID19_Study,Czechia,new_cases,Point,0.5,most_frequent,3848.6649122807016,7719.520806075892,6.1074741179361345,2.170378217531683
COVID19_Study,Czechia,new_cases,Point,0.5,LOCF,1694.2929824561404,3588.5136822044333,0.31981799233030117,0.9554629116985067
COVID19_Study,Czechia,new_cases,Point,0.5,Linear,1374.2424436090225,3430.825686763871,0.25301916206377334,0.7749767603044049
COVID19_Study,Czechia,new_cases,Point,0.5,Rolling,1530.5773391812863,3599.045647565171,0.29131241517878104,0.8631387228871803
COVID19_Study,Czechia,new_cases,Point,0.5,MICE,3631.6949727537835,5969.208772151833,1.4913816319872293,2.0480223249451983
COVID19_Study,Czechia,new_cases,Point,0.5,SAITS,2200.8160240708735,4874.77048718599,0.40176753244754226,1.2411065313055571
COVID19_Study,Czechia,new_cases,Sequence,0.1,mean,4676.283443327046,7138.034437268754,13.021083787852199,3.3586594964639995
COVID19_Study,Czechia,new_cases,Sequence,0.1,median,3930.1666666666665,7823.220067975973,5.088060239657297,2.82277405928473
COVID19_Study,Czechia,new_cases,Sequence,0.1,most_frequent,4192.684684684685,8276.578814030883,5.088060239657297,3.0113230736665044
COVID19_Study,Czechia,new_cases,Sequence,0.1,LOCF,1750.3783783783783,3469.813690249816,1.6323324014792777,1.257178918727626
COVID19_Study,Czechia,new_cases,Sequence,0.1,Linear,1795.5327327327327,3539.058277021561,0.7981062386010489,1.2896102507666123
COVID19_Study,Czechia,new_cases,Sequence,0.1,Rolling,1959.1036036036037,3885.4812347604607,0.7122483072070205,1.4070921924524373
COVID19_Study,Czechia,new_cases,Sequence,0.1,MICE,3768.1686025659938,6388.760145654783,1.9034703885934419,2.706421758789147
COVID19_Study,Czechia,new_cases,Sequence,0.1,SAITS,1769.2731853949058,3720.7837045378196,1.1169686512052595,1.2707497862314923
COVID19_Study,Czechia,new_cases,Sequence,0.3,mean,4450.603009761602,6249.371369292408,13.766368197254637,2.8468878065474663
COVID19_Study,Czechia,new_cases,Sequence,0.3,median,3505.7126245847176,6778.189510042719,12.63367917950652,2.242476020058313
COVID19_Study,Czechia,new_cases,Sequence,0.3,most_frequent,3739.797342192691,7271.452511333944,5.837545073017816,2.3922114439538142
COVID19_Study,Czechia,new_cases,Sequence,0.3,LOCF,1485.654485049834,2878.5063887197352,1.1780160017133645,0.9503187835343421
COVID19_Study,Czechia,new_cases,Sequence,0.3,Linear,1311.9146495807624,2583.3593552295497,0.46635254191578274,0.8391837714868494
COVID19_Study,Czechia,new_cases,Sequence,0.3,Rolling,1610.0963455149501,3141.272707188956,0.35981197012614197,1.029919685795269
COVID19_Study,Czechia,new_cases,Sequence,0.3,MICE,3640.8840751177477,5547.708704595202,1.5578047783595586,2.328940248270038
COVID19_Study,Czechia,new_cases,Sequence,0.3,SAITS,1905.4134914867109,4060.991442853237,0.4486551035599373,1.2188232523653275
COVID19_Study,Czechia,new_cases,Sequence,0.5,mean,4741.315799517814,7478.802463267526,13.48207434975419,3.131016831618215
COVID19_Study,Czechia,new_cases,Sequence,0.5,median,3936.164859002169,8086.950430053005,12.578378939188278,2.5993203040416093
COVID19_Study,Czechia,new_cases,Sequence,0.5,most_frequent,4192.210412147506,8569.861566500387,5.383573170451972,2.768404788277098
COVID19_Study,Czechia,new_cases,Sequence,0.5,LOCF,1840.9175704989154,3736.02884597549,0.8018422220734073,1.2156844518646073
COVID19_Study,Czechia,new_cases,Sequence,0.5,Linear,1675.6403332989019,3532.8516910345743,0.18013803277982238,1.1065405278068117
COVID19_Study,Czechia,new_cases,Sequence,0.5,Rolling,2036.9262472885032,4012.3090931805204,0.45751726914834784,1.345122458553347
COVID19_Study,Czechia,new_cases,Sequence,0.5,MICE,3975.9459299224004,6769.609494284231,2.196972198796266,2.625590480485817
COVID19_Study,Czechia,new_cases,Sequence,0.5,SAITS,2183.741666843472,4838.10696270994,0.40199578033065664,1.4420747749998588
COVID19_Study,Czechia,new_cases,Block,0.1,mean,2368.5160094112825,2789.687339242365,12.65093447563268,1.6196338631424754
COVID19_Study,Czechia,new_cases,Block,0.1,median,1487.780701754386,1888.4800975777766,14.48257358323146,1.0173712129943437
COVID19_Study,Czechia,new_cases,Block,0.1,most_frequent,1984.359649122807,2550.1609495130015,10.416698811465634,1.3569408319818255
COVID19_Study,Czechia,new_cases,Block,0.1,LOCF,1951.359649122807,2524.5677118229464,10.016092495870785,1.3343748382239928
COVID19_Study,Czechia,new_cases,Block,0.1,Linear,1030.8480549199082,1419.2933587850612,0.4078314460133986,0.7049124476544416
COVID19_Study,Czechia,new_cases,Block,0.1,Rolling,1875.6842105263158,2432.7400081735864,9.161007471164563,1.2826266117091545
COVID19_Study,Czechia,new_cases,Block,0.1,MICE,3821.541063913338,4143.123612654849,13.640257758143228,2.613238539199076
COVID19_Study,Czechia,new_cases,Block,0.1,SAITS,1565.9201483475535,2125.906151698314,10.190554504394502,1.0708043725113716
COVID19_Study,Czechia,new_cases,Block,0.3,mean,4050.8190857918826,4952.619650020003,13.84986519201397,2.904890585426409
COVID19_Study,Czechia,new_cases,Block,0.3,median,4317.6549707602335,6221.497390791523,13.653062383761652,3.096241774823444
COVID19_Study,Czechia,new_cases,Block,0.3,most_frequent,4630.350877192983,6727.578133177771,7.728340607124965,3.320479731508271
COVID19_Study,Czechia,new_cases,Block,0.3,LOCF,4576.19298245614,6688.474903743879,7.743813212029197,3.2816424605229106
COVID19_Study,Czechia,new_cases,Block,0.3,Linear,3005.3922050023016,4542.932411756606,4.95282902329937,2.1552025249526627
COVID19_Study,Czechia,new_cases,Block,0.3,Rolling,4551.709064327485,6673.002863780986,6.92068801893353,3.2640847513880487
COVID19_Study,Czechia,new_cases,Block,0.3,MICE,2543.9397558285104,3407.010407842944,2.6582546951549206,1.824289480741788
COVID19_Study,Czechia,new_cases,Block,0.3,SAITS,4153.4704519349925,6067.730748023604,6.156246184821566,2.978503102000199
COVID19_Study,Czechia,new_cases,Block,0.5,mean,4084.871661175952,4813.479440878413,13.850929513640247,2.477431075335819
COVID19_Study,Czechia,new_cases,Block,0.5,median,3357.668126094571,5429.6396071940635,13.697964537382452,2.036389890853164
COVID19_Study,Czechia,new_cases,Block,0.5,most_frequent,3619.138353765324,5963.100307890307,7.554786056106771,2.194968793946578
COVID19_Study,Czechia,new_cases,Block,0.5,LOCF,3563.889667250438,5928.678816535116,7.4248176065049645,2.161461055100246
COVID19_Study,Czechia,new_cases,Block,0.5,Linear,6851.92550181867,8800.844546907547,0.7892744006403201,4.155619704146285
COVID19_Study,Czechia,new_cases,Block,0.5,Rolling,3503.1208406304727,5793.79955365656,7.407474178879231,2.1246054101822227
COVID19_Study,Czechia,new_cases,Block,0.5,MICE,4408.342735242754,4893.604351700027,8.23691559643535,2.673612830195322
COVID19_Study,Czechia,new_cases,Block,0.5,SAITS,3123.843073455757,5164.627260848895,3.902460719971569,1.894577491431864
COVID19_Study,Montenegro,new_cases,Point,0.1,mean,385.9488362824805,774.8382316263003,17.387973761390477,0.8843080676805632
COVID19_Study,Montenegro,new_cases,Point,0.1,median,208.47967479674796,802.3386396546828,1.23836177168052,0.4776805655018195
COVID19_Study,Montenegro,new_cases,Point,0.1,most_frequent,208.47967479674796,802.3386396546828,1.23836177168052,0.4776805655018195
COVID19_Study,Montenegro,new_cases,Point,0.1,LOCF,418.4227642276423,1083.2031316379416,0.8994150642628891,0.9587141903878892
COVID19_Study,Montenegro,new_cases,Point,0.1,Linear,415.6341463414634,951.9727468049913,0.8969646230738995,0.9523247494501235
COVID19_Study,Montenegro,new_cases,Point,0.1,Rolling,370.5365853658537,874.6421981698182,1.1303988129135691,0.848994636092147
COVID19_Study,Montenegro,new_cases,Point,0.1,MICE,378.1561453852733,765.8419054614136,2.4104004697696615,0.8664530081972449
COVID19_Study,Montenegro,new_cases,Point,0.1,SAITS,208.48830437245002,802.3321317551429,1.23836177168052,0.4777003380796759
COVID19_Study,Montenegro,new_cases,Point,0.3,mean,405.4310311896492,1152.5462520346773,1.0277164062234574,0.9758328632506955
COVID19_Study,Montenegro,new_cases,Point,0.3,median,237.5027624309392,1176.3793831237754,1.0277164062234574,0.5716459344832954
COVID19_Study,Montenegro,new_cases,Point,0.3,most_frequent,237.5027624309392,1176.3793831237754,1.0277164062234574,0.5716459344832954
COVID19_Study,Montenegro,new_cases,Point,0.3,LOCF,456.6353591160221,1417.8844154124881,0.29084987989802724,1.0990766756066541
COVID19_Study,Montenegro,new_cases,Point,0.3,Linear,420.89410681399636,1282.9132742432705,0.363257906709954,1.0130509748414442
COVID19_Study,Montenegro,new_cases,Point,0.3,Rolling,445.0476519337017,1301.9009880644905,0.5898878766422785,1.0711861970582943
COVID19_Study,Montenegro,new_cases,Point,0.3,MICE,403.1813723926105,1147.3914673297681,1.0277164062234574,0.9704181544189373
COVID19_Study,Montenegro,new_cases,Point,0.3,SAITS,237.55526630728806,1176.3732402247374,1.0277164062234574,0.5717723061816801
COVID19_Study,Montenegro,new_cases,Point,0.5,mean,394.29985303573073,1076.2560228361945,1.093656044253758,1.0186141864547507
COVID19_Study,Montenegro,new_cases,Point,0.5,median,240.87894736842105,1101.8517643160153,1.093656044253758,0.6222744216582972
COVID19_Study,Montenegro,new_cases,Point,0.5,most_frequent,240.87894736842105,1101.8517643160153,1.093656044253758,0.6222744216582972
COVID19_Study,Montenegro,new_cases,Point,0.5,LOCF,498.159649122807,1606.8367885109803,0.27188541576454056,1.2869203014129187
COVID19_Study,Montenegro,new_cases,Point,0.5,Linear,426.6695906432749,1308.0661011603631,0.4186866536386376,1.1022365202826927
COVID19_Study,Montenegro,new_cases,Point,0.5,Rolling,430.9875730994152,1268.552219707665,0.4310445150066649,1.113391376549628
COVID19_Study,Montenegro,new_cases,Point,0.5,MICE,392.98003037351384,1071.8314367741502,1.082440986724992,1.015204623714648
COVID19_Study,Montenegro,new_cases,Point,0.5,SAITS,240.9184621981086,1101.8413208199042,1.093656044253758,0.622376502259609
COVID19_Study,Montenegro,new_cases,Sequence,0.1,mean,275.1612717368531,364.2042284884148,17.835411483491047,0.5982876913033573
COVID19_Study,Montenegro,new_cases,Sequence,0.1,median,98.41441441441441,353.6737948352311,1.59054250048755,0.21398408438554206
COVID19_Study,Montenegro,new_cases,Sequence,0.1,most_frequent,98.41441441441441,353.6737948352311,1.59054250048755,0.21398408438554206
COVID19_Study,Montenegro,new_cases,Sequence,0.1,LOCF,263.27927927927925,834.3720949269533,1.3505662158751353,0.5724524791361297
COVID19_Study,Montenegro,new_cases,Sequence,0.1,Linear,328.97297297297297,735.0057375519148,0.7292883545759576,0.7152913608039596
COVID19_Study,Montenegro,new_cases,Sequence,0.1,Rolling,301.2882882882883,763.8197749787895,0.5575803299350004,0.6550960942974812
COVID19_Study,Montenegro,new_cases,Sequence,0.1,MICE,270.48877028494513,366.6818503080106,17.773871490008865,0.588128194334078
COVID19_Study,Montenegro,new_cases,Sequence,0.1,SAITS,98.44895931911604,353.6600101673062,1.59054250048755,0.2140591959415753
COVID19_Study,Montenegro,new_cases,Sequence,0.3,mean,336.2006494582587,583.2654935962189,18.020263139022717,0.6911553599315445
COVID19_Study,Montenegro,new_cases,Sequence,0.3,median,144.40199335548172,592.7421747389718,1.3926440790355143,0.29685906869383294
COVID19_Study,Montenegro,new_cases,Sequence,0.3,most_frequent,144.40199335548172,592.7421747389718,1.3926440790355143,0.29685906869383294
COVID19_Study,Montenegro,new_cases,Sequence,0.3,LOCF,519.0431893687708,2157.7139049654065,0.5194687154079477,1.0670398256108342
COVID19_Study,Montenegro,new_cases,Sequence,0.3,Linear,414.06921373200447,1319.115998696348,0.36337459926891436,0.8512361796881267
COVID19_Study,Montenegro,new_cases,Sequence,0.3,Rolling,359.27408637873754,1343.1288541203946,0.16376753851177706,0.7385893242184318
COVID19_Study,Montenegro,new_cases,Sequence,0.3,MICE,340.0007188117502,582.7923216512725,17.444776352329214,0.6989674754227233
COVID19_Study,Montenegro,new_cases,Sequence,0.3,SAITS,144.48528862791667,592.7160893032183,1.3926440790355143,0.29703030564442523
COVID19_Study,Montenegro,new_cases,Sequence,0.5,mean,361.6671617865026,761.6123031434828,16.918713668032133,0.7216007862949164
COVID19_Study,Montenegro,new_cases,Sequence,0.5,median,167.78958785249458,775.5060974346698,1.3609603553110166,0.33477492932558145
COVID19_Study,Montenegro,new_cases,Sequence,0.5,most_frequent,167.78958785249458,775.5060974346698,1.3609603553110166,0.33477492932558145
COVID19_Study,Montenegro,new_cases,Sequence,0.5,LOCF,600.0173535791757,2045.2397098423048,0.574256495602149,1.197158713538163
COVID19_Study,Montenegro,new_cases,Sequence,0.5,Linear,514.2793685225356,1380.8178446467573,0.23596060045313844,1.0260937013689484
COVID19_Study,Montenegro,new_cases,Sequence,0.5,Rolling,478.2114967462039,1473.5991908859103,0.2467665083920775,0.9541308377646794
COVID19_Study,Montenegro,new_cases,Sequence,0.5,MICE,375.8308178687703,763.5615106177972,1.7638789487280169,0.749860209448762
COVID19_Study,Montenegro,new_cases,Sequence,0.5,SAITS,167.83356658724017,775.4997521905857,1.3609603553110166,0.3348626759969019
COVID19_Study,Montenegro,new_cases,Block,0.1,mean,419.3716092953472,978.945831200065,1.4081065764312095,0.9846202662924506
COVID19_Study,Montenegro,new_cases,Block,0.1,median,255.140350877193,1010.7595893032235,1.4081065764312095,0.5990304413900587
COVID19_Study,Montenegro,new_cases,Block,0.1,most_frequent,255.140350877193,1010.7595893032235,1.4081065764312095,0.5990304413900587
COVID19_Study,Montenegro,new_cases,Block,0.1,LOCF,255.140350877193,1010.7595893032235,1.4081065764312095,0.5990304413900587
COVID19_Study,Montenegro,new_cases,Block,0.1,Linear,255.140350877193,1010.7595893032235,1.4081065764312095,0.5990304413900587
COVID19_Study,Montenegro,new_cases,Block,0.1,Rolling,256.82456140350877,1010.9195397208789,1.4081065764312095,0.602984709585991
COVID19_Study,Montenegro,new_cases,Block,0.1,MICE,341.38732242488464,987.3656916850948,1.4081065764312095,0.8015251124883097
COVID19_Study,Montenegro,new_cases,Block,0.1,SAITS,255.15407470216783,1010.7578229291396,1.4081065764312095,0.5990626628278045
COVID19_Study,Montenegro,new_cases,Block,0.3,mean,422.88734841681827,1039.1764827309178,1.172145079629622,1.077337651687306
COVID19_Study,Montenegro,new_cases,Block,0.3,median,266.07602339181284,1070.4094368852973,1.172145079629622,0.6778488864336811
COVID19_Study,Montenegro,new_cases,Block,0.3,most_frequent,266.07602339181284,1070.4094368852973,1.172145079629622,0.6778488864336811
COVID19_Study,Montenegro,new_cases,Block,0.3,LOCF,266.07602339181284,1070.4094368852973,1.172145079629622,0.6778488864336811
COVID19_Study,Montenegro,new_cases,Block,0.3,Linear,266.07602339181284,1070.4094368852973,1.172145079629622,0.6778488864336811
COVID19_Study,Montenegro,new_cases,Block,0.3,Rolling,268.5263157894737,1071.3681475582234,1.1405126121087583,0.6840911924935004
COVID19_Study,Montenegro,new_cases,Block,0.3,MICE,427.26562045342735,1038.3368255103674,1.327886379654576,1.0884916323680416
COVID19_Study,Montenegro,new_cases,Block,0.3,SAITS,266.11830396638885,1070.3878924970904,1.172145079629622,0.677956599409953
COVID19_Study,Montenegro,new_cases,Block,0.5,mean,394.72524585747004,966.5068435635721,1.2566190933643437,1.1406050251240634
COVID19_Study,Montenegro,new_cases,Block,0.5,median,261.3099824868651,997.2823615112403,1.2566190933643437,0.7550859294346268
COVID19_Study,Montenegro,new_cases,Block,0.5,most_frequent,261.3099824868651,997.2823615112403,1.2566190933643437,0.7550859294346268
COVID19_Study,Montenegro,new_cases,Block,0.5,LOCF,261.3099824868651,997.2823615112403,1.2566190933643437,0.7550859294346268
COVID19_Study,Montenegro,new_cases,Block,0.5,Linear,261.3099824868651,997.2823615112403,1.2566190933643437,0.7550859294346268
COVID19_Study,Montenegro,new_cases,Block,0.5,Rolling,261.3099824868651,997.2823615112403,1.2566190933643437,0.7550859294346268
COVID19_Study,Montenegro,new_cases,Block,0.5,MICE,394.7253938738079,966.5066022040336,1.2566190933643437,1.140605452834681
COVID19_Study,Montenegro,new_cases,Block,0.5,SAITS,261.4243116599748,997.2569437681839,1.2566190933643437,0.755416297027619
COVID19_Study,Sierra Leone,new_cases,Point,0.1,mean,9.774175035868005,16.201846403908622,19.5905860790913,1.9621521594857165
COVID19_Study,Sierra Leone,new_cases,Point,0.1,median,7.512195121951219,17.84030332601516,5.355518483513784,1.508062811124565
COVID19_Study,Sierra Leone,new_cases,Point,0.1,most_frequent,7.512195121951219,17.84030332601516,5.355518483513784,1.508062811124565
COVID19_Study,Sierra Leone,new_cases,Point,0.1,LOCF,5.5772357723577235,12.491297783865503,1.13715537343265,1.1196223900773286
COVID19_Study,Sierra Leone,new_cases,Point,0.1,Linear,4.1436314363143625,8.239115071626623,0.8905397389113174,0.8318282966123591
COVID19_Study,Sierra Leone,new_cases,Point,0.1,Rolling,3.6355013550135507,6.635913145159404,1.1338064958749139,0.7298218835222238
COVID19_Study,Sierra Leone,new_cases,Point,0.1,MICE,9.53025203865332,15.383669775232955,15.72219981729975,1.9131849541741002
COVID19_Study,Sierra Leone,new_cases,Point,0.1,SAITS,6.231207353184075,15.161200717897163,2.763042499437148,1.2509062830761568
COVID19_Study,Sierra Leone,new_cases,Point,0.3,mean,9.137184230445456,15.016088284154206,19.8349263846835,1.8444626552141448
COVID19_Study,Sierra Leone,new_cases,Point,0.3,median,6.709944751381215,16.02579067786762,6.339603524131211,1.3544919529185682
COVID19_Study,Sierra Leone,new_cases,Point,0.3,most_frequent,6.604972375690608,16.402314214835965,6.339603524131211,1.3333018770804022
COVID19_Study,Sierra Leone,new_cases,Point,0.3,LOCF,4.574585635359116,11.0361034840426,0.6934620493272384,0.9234411996842936
COVID19_Study,Sierra Leone,new_cases,Point,0.3,Linear,3.8283346487766376,9.481105290918888,0.6788295660097099,0.7728004725791349
COVID19_Study,Sierra Leone,new_cases,Point,0.3,Rolling,3.6666666666666665,8.957534012907123,0.7635898201139429,0.7401656314699793
COVID19_Study,Sierra Leone,new_cases,Point,0.3,MICE,8.760657186457834,14.258538310079706,16.08875230718939,1.768455643229066
COVID19_Study,Sierra Leone,new_cases,Point,0.3,SAITS,5.569539409227288,14.386158029829755,2.5442919501362162,1.1242859055893595
COVID19_Study,Sierra Leone,new_cases,Point,0.5,mean,9.119279875080371,15.964904390544497,19.865198075629333,1.7551238521352532
COVID19_Study,Sierra Leone,new_cases,Point,0.5,median,6.673684210526316,16.915683577000163,5.961367196432699,1.2844372033718212
COVID19_Study,Sierra Leone,new_cases,Point,0.5,most_frequent,6.603508771929825,17.272734827497718,5.961367196432699,1.2709310287832636
COVID19_Study,Sierra Leone,new_cases,Point,0.5,LOCF,4.180701754385965,10.481144306081864,0.6239467129989715,0.8046303511133149
COVID19_Study,Sierra Leone,new_cases,Point,0.5,Linear,3.8772639933166246,10.018699673587411,0.44673584186429954,0.7462298129801849
COVID19_Study,Sierra Leone,new_cases,Point,0.5,Rolling,3.854239766081871,9.951835152597909,0.4527647479510531,0.7417985014127961
COVID19_Study,Sierra Leone,new_cases,Point,0.5,MICE,8.898523884229204,15.338013137750524,5.12680056450591,1.7126364945420944
COVID19_Study,Sierra Leone,new_cases,Point,0.5,SAITS,5.797980086277484,15.947580291567917,3.3348500697650003,1.1158965711139706
COVID19_Study,Sierra Leone,new_cases,Sequence,0.1,mean,8.656374397653469,14.046091923183685,18.870246774702036,1.8416677680521516
COVID19_Study,Sierra Leone,new_cases,Sequence,0.1,median,6.63063063063063,15.079369595158392,6.091669621527352,1.4106851382955385
COVID19_Study,Sierra Leone,new_cases,Sequence,0.1,most_frequent,6.495495495495495,15.471857625326649,6.091669621527352,1.3819347618357112
COVID19_Study,Sierra Leone,new_cases,Sequence,0.1,LOCF,5.702702702702703,12.418019455903876,4.870429101376812,1.2132658866047228
COVID19_Study,Sierra Leone,new_cases,Sequence,0.1,Linear,5.994594594594595,14.876125137249252,0.75011050567993,1.2753666997579505
COVID19_Study,Sierra Leone,new_cases,Sequence,0.1,Rolling,5.085585585585585,12.904971456314357,1.7972234361825477,1.0819725007715102
COVID19_Study,Sierra Leone,new_cases,Sequence,0.1,MICE,8.499570875075475,13.371762855218066,14.664754258411596,1.8083073818000033
COVID19_Study,Sierra Leone,new_cases,Sequence,0.1,SAITS,5.389746075705835,13.239426900992363,3.1543822709844545,1.1466834923757152
COVID19_Study,Sierra Leone,new_cases,Sequence,0.3,mean,8.657475872191666,15.156918260451638,19.912167860668653,1.8349136110164295
COVID19_Study,Sierra Leone,new_cases,Sequence,0.3,median,6.458471760797342,16.469442155608778,6.648835952182132,1.3688444432536706
COVID19_Study,Sierra Leone,new_cases,Sequence,0.3,most_frequent,6.458471760797342,16.469442155608778,6.648835952182132,1.3688444432536706
COVID19_Study,Sierra Leone,new_cases,Sequence,0.3,LOCF,5.029900332225914,10.081725844977587,1.9682365498851442,1.0660650653734864
COVID19_Study,Sierra Leone,new_cases,Sequence,0.3,Linear,4.298613088646311,9.534194273641491,0.7415613351571588,0.9110719777095635
COVID19_Study,Sierra Leone,new_cases,Sequence,0.3,Rolling,4.312292358803987,10.301033719052818,1.0170335233616496,0.9139712383453007
COVID19_Study,Sierra Leone,new_cases,Sequence,0.3,MICE,8.433267484268516,14.613795507999306,14.150276414188374,1.787393637668806
COVID19_Study,Sierra Leone,new_cases,Sequence,0.3,SAITS,5.490876174287443,15.117422774909482,2.869942661490204,1.1637668504475152
COVID19_Study,Sierra Leone,new_cases,Sequence,0.5,mean,8.838366168154147,15.4432349722533,19.926414801762704,1.7167505306654234
COVID19_Study,Sierra Leone,new_cases,Sequence,0.5,median,6.587852494577007,16.405715632760234,7.577163434531789,1.2796142466648437
COVID19_Study,Sierra Leone,new_cases,Sequence,0.5,most_frequent,6.550976138828633,16.77049366299784,7.577163434531789,1.272451440542584
COVID19_Study,Sierra Leone,new_cases,Sequence,0.5,LOCF,4.360086767895878,8.951544662448923,1.814510743334573,0.8468964885730443
COVID19_Study,Sierra Leone,new_cases,Sequence,0.5,Linear,3.7624746848716475,8.36371113080339,0.5400934680223801,0.7308172448367348
COVID19_Study,Sierra Leone,new_cases,Sequence,0.5,Rolling,4.110629067245119,9.526421757236355,0.4420267065249949,0.7984422118636413
COVID19_Study,Sierra Leone,new_cases,Sequence,0.5,MICE,8.7573091638472,14.9273629521922,15.461001077863218,1.7010061439189799
COVID19_Study,Sierra Leone,new_cases,Sequence,0.5,SAITS,5.451429823644933,15.211707551620545,1.5352303113594967,1.0588772703657159
COVID19_Study,Sierra Leone,new_cases,Block,0.1,mean,6.878727430821955,6.9834165582641115,22.237669284310527,1.2838293026298058
COVID19_Study,Sierra Leone,new_cases,Block,0.1,median,1.0175438596491229,1.270446806332047,19.599147258611474,0.18991196218578402
COVID19_Study,Sierra Leone,new_cases,Block,0.1,most_frequent,0.5964912280701754,1.344253526630914,6.166946767844605,0.11132770197097683
COVID19_Study,Sierra Leone,new_cases,Block,0.1,LOCF,0.5964912280701754,1.344253526630914,6.166946767844605,0.11132770197097683
COVID19_Study,Sierra Leone,new_cases,Block,0.1,Linear,0.5964912280701754,1.344253526630914,6.166946767844605,0.11132770197097683
COVID19_Study,Sierra Leone,new_cases,Block,0.1,Rolling,0.5964912280701754,1.344253526630914,6.166946767844605,0.11132770197097683
COVID19_Study,Sierra Leone,new_cases,Block,0.1,MICE,7.549781833450515,7.6497179173121745,22.072271141335758,1.4090732978916358
COVID19_Study,Sierra Leone,new_cases,Block,0.1,SAITS,1.1591590441632689,1.4412330380689709,4.864983842551525,0.21634268289757452
COVID19_Study,Sierra Leone,new_cases,Block,0.3,mean,9.006340758262697,16.143123322091498,16.25926856246832,2.560438026513915
COVID19_Study,Sierra Leone,new_cases,Block,0.3,median,11.277777777777779,18.62157774987761,13.491610539868622,3.2061912658927585
COVID19_Study,Sierra Leone,new_cases,Block,0.3,most_frequent,11.277777777777779,18.62157774987761,13.491610539868622,3.2061912658927585
COVID19_Study,Sierra Leone,new_cases,Block,0.3,LOCF,9.739766081871345,14.835649336246465,18.512013464584356,2.768945581200098
COVID19_Study,Sierra Leone,new_cases,Block,0.3,Linear,8.152311049733177,15.182851379482615,5.432494608037453,2.3176435109404907
COVID19_Study,Sierra Leone,new_cases,Block,0.3,Rolling,9.690058479532164,14.816815167096687,12.168481797400556,2.7548140666758107
COVID19_Study,Sierra Leone,new_cases,Block,0.3,MICE,8.561233575856477,15.252201770849537,5.032464695232372,2.433897249710441
COVID19_Study,Sierra Leone,new_cases,Block,0.3,SAITS,10.684088548547344,18.116394714921224,13.491610539868622,3.037409679757596
COVID19_Study,Sierra Leone,new_cases,Block,0.5,mean,10.015627104944093,19.891484800709726,17.527540059292768,4.198915621823111
COVID19_Study,Sierra Leone,new_cases,Block,0.5,median,10.970227670753065,21.12377002916818,10.860710744492708,4.599118942731278
COVID19_Study,Sierra Leone,new_cases,Block,0.5,most_frequent,10.970227670753065,21.12377002916818,10.860710744492708,4.599118942731278
COVID19_Study,Sierra Leone,new_cases,Block,0.5,LOCF,11.873905429071804,18.081155829954852,18.970070378869387,4.977973568281939
COVID19_Study,Sierra Leone,new_cases,Block,0.5,Linear,9.022522136357514,18.63570578445116,4.7436702548808265,3.782569853054435
COVID19_Study,Sierra Leone,new_cases,Block,0.5,Rolling,11.836252189141856,18.068765805203533,11.471268689282164,4.9621879588839946
COVID19_Study,Sierra Leone,new_cases,Block,0.5,MICE,10.789784306464721,20.137106666505154,6.448439431925975,4.523470513209513
COVID19_Study,Sierra Leone,new_cases,Block,0.5,SAITS,10.77806746889307,20.927216892975203,10.860710744492708,4.518558388207007
COVID19_Study,Spain,new_cases,Point,0.1,mean,19843.205443966206,50526.19155095533,0.8207179921566676,0.803462812342734
COVID19_Study,Spain,new_cases,Point,0.1,median,10206.040650406505,51502.627807849,0.8207179921566676,0.41324846164677154
COVID19_Study,Spain,new_cases,Point,0.1,most_frequent,10206.040650406505,51502.627807849,0.8207179921566676,0.41324846164677154
COVID19_Study,Spain,new_cases,Point,0.1,LOCF,21609.365853658535,62929.3092286893,0.401177814987555,0.8749756641260273
COVID19_Study,Spain,new_cases,Point,0.1,Linear,22061.475609756097,57934.450406873424,0.37094884079218016,0.8932818484341775
COVID19_Study,Spain,new_cases,Point,0.1,Rolling,20180.35840108401,54934.45821918742,0.43756622144351154,0.8171143296785035
COVID19_Study,Spain,new_cases,Point,0.1,MICE,19843.206823937937,50526.19042426098,0.8207179921566676,0.8034628682185838
COVID19_Study,Spain,new_cases,Point,0.1,SAITS,10206.245501489931,51502.60841961168,0.8207179921566676,0.4132567561850741
COVID19_Study,Spain,new_cases,Point,0.3,mean,20378.278708413214,59082.22409640323,0.6629637014681061,0.7837668875421261
COVID19_Study,Spain,new_cases,Point,0.3,median,10216.43370165746,59895.1389728989,0.6629637014681061,0.3929332088692416
COVID19_Study,Spain,new_cases,Point,0.3,most_frequent,10216.43370165746,59895.1389728989,0.6629637014681061,0.3929332088692416
COVID19_Study,Spain,new_cases,Point,0.3,LOCF,22074.955801104974,84212.12814826418,0.08033523573497019,0.8490226112041072
COVID19_Study,Spain,new_cases,Point,0.3,Linear,20443.908072437076,68711.90335667158,0.2087591302393551,0.7862910517813322
COVID19_Study,Spain,new_cases,Point,0.3,Rolling,20813.46685082873,68817.23542425981,0.2531689511324873,0.8005046140575373
COVID19_Study,Spain,new_cases,Point,0.3,MICE,20378.277906642285,59082.22372320471,0.6629637014681061,0.7837668567052966
COVID19_Study,Spain,new_cases,Point,0.3,SAITS,10216.558742653418,59895.11109299033,0.6629637014681061,0.3929380180581638
COVID19_Study,Spain,new_cases,Point,0.5,mean,21216.889170570405,59071.1423901643,0.7833984788634067,0.8242588299417909
COVID19_Study,Spain,new_cases,Point,0.5,median,11362.659649122807,60135.714765881916,0.7833984788634067,0.44143005471338714
COVID19_Study,Spain,new_cases,Point,0.5,most_frequent,11362.659649122807,60135.714765881916,0.7833984788634067,0.44143005471338714
COVID19_Study,Spain,new_cases,Point,0.5,LOCF,26988.98245614035,97709.4985493294,0.18777178162339186,1.0484999436898927
COVID19_Study,Spain,new_cases,Point,0.5,Linear,22791.853898635476,73980.91433550716,0.26506710474030204,0.8854449243554426
COVID19_Study,Spain,new_cases,Point,0.5,Rolling,22398.203216374266,72271.98408726016,0.2694411179471158,0.8701519165936601
COVID19_Study,Spain,new_cases,Point,0.5,MICE,21216.888102090415,59071.14209244499,0.7833984788634067,0.8242587884322152
COVID19_Study,Spain,new_cases,Point,0.5,SAITS,11362.853543224079,60135.67945260849,0.7833984788634067,0.4414375873409916
COVID19_Study,Spain,new_cases,Sequence,0.1,mean,15071.16134157413,20488.0400044755,13.835457303279222,0.5862438459872534
COVID19_Study,Spain,new_cases,Sequence,0.1,median,5279.639639639639,19759.856100161738,1.1983200358182182,0.20536945877097354
COVID19_Study,Spain,new_cases,Sequence,0.1,most_frequent,5279.639639639639,19759.856100161738,1.1983200358182182,0.20536945877097354
COVID19_Study,Spain,new_cases,Sequence,0.1,LOCF,20619.423423423425,75901.65527364524,0.8552738520112726,0.8020622841082834
COVID19_Study,Spain,new_cases,Sequence,0.1,Linear,18570.882882882885,47661.83918802951,0.24576489675656912,0.7223773641522836
COVID19_Study,Spain,new_cases,Sequence,0.1,Rolling,20101.400900900902,55581.47407754569,0.3572828827449424,0.7819120442542454
COVID19_Study,Spain,new_cases,Sequence,0.1,MICE,15071.159106632906,20488.037383548006,13.835457303279222,0.5862437590516477
COVID19_Study,Spain,new_cases,Sequence,0.1,SAITS,5279.709236893148,19759.844143430877,1.1983200358182182,0.20537216599178038
COVID19_Study,Spain,new_cases,Sequence,0.3,mean,20287.751390850764,60031.159155652866,0.7970418855939448,0.8075128573881417
COVID19_Study,Spain,new_cases,Sequence,0.3,median,10828.817275747508,60975.338056270026,0.7970418855939448,0.4310191411560987
COVID19_Study,Spain,new_cases,Sequence,0.3,most_frequent,10828.817275747508,60975.338056270026,0.7970418855939448,0.4310191411560987
COVID19_Study,Spain,new_cases,Sequence,0.3,LOCF,33248.827242524916,129253.84939001319,0.44318129793233957,1.323402232912027
COVID19_Study,Spain,new_cases,Sequence,0.3,Linear,27696.95330380214,89113.336205716,0.2273356162722292,1.1024211344282102
COVID19_Study,Spain,new_cases,Sequence,0.3,Rolling,25245.398671096347,90760.95294151643,0.16322556205183641,1.0048419671582403
COVID19_Study,Spain,new_cases,Sequence,0.3,MICE,20287.75046630625,60031.15880221946,0.7970418855939448,0.8075128205885197
COVID19_Study,Spain,new_cases,Sequence,0.3,SAITS,10828.950367559803,60975.3269945383,0.7970418855939448,0.4310244386061497
COVID19_Study,Spain,new_cases,Sequence,0.5,mean,21925.167425779735,77119.42866471717,0.836137654919788,1.0102273507603579
COVID19_Study,Spain,new_cases,Sequence,0.5,median,13956.770065075922,78310.84783302725,0.836137654919788,0.6430742613821426
COVID19_Study,Spain,new_cases,Sequence,0.5,most_frequent,13956.770065075922,78310.84783302725,0.836137654919788,0.6430742613821426
COVID19_Study,Spain,new_cases,Sequence,0.5,LOCF,31007.577006507592,122531.41816697808,0.40342873267710333,1.4287098367125897
COVID19_Study,Spain,new_cases,Sequence,0.5,Linear,28211.92773559894,96890.48513812093,0.22809544424520642,1.2998970754798331
COVID19_Study,Spain,new_cases,Sequence,0.5,Rolling,27636.954446854663,101773.9960397504,0.28967357583503295,1.2734045187314122
COVID19_Study,Spain,new_cases,Sequence,0.5,MICE,21925.164698585508,77119.42838834613,0.836137654919788,1.0102272251017417
COVID19_Study,Spain,new_cases,Sequence,0.5,SAITS,13956.93850919059,78310.77842074286,0.836137654919788,0.643082022638803
COVID19_Study,Spain,new_cases,Block,0.1,mean,18052.090472780594,29139.090753141685,13.483564531160697,0.7248673917450937
COVID19_Study,Spain,new_cases,Block,0.1,median,9104.09649122807,30345.405539259238,1.2907172581766444,0.36556778217695557
COVID19_Study,Spain,new_cases,Block,0.1,most_frequent,9104.09649122807,30345.405539259238,1.2907172581766444,0.36556778217695557
COVID19_Study,Spain,new_cases,Block,0.1,LOCF,9104.09649122807,30345.405539259238,1.2907172581766444,0.36556778217695557
COVID19_Study,Spain,new_cases,Block,0.1,Linear,9104.09649122807,30345.405539259238,1.2907172581766444,0.36556778217695557
COVID19_Study,Spain,new_cases,Block,0.1,Rolling,9449.877192982456,30569.16693049651,1.298286171049254,0.3794523323222376
COVID19_Study,Spain,new_cases,Block,0.1,MICE,18052.07979829206,29139.088446205078,13.483564531160697,0.7248669631194632
COVID19_Study,Spain,new_cases,Block,0.1,SAITS,9104.107496145149,30345.39766860354,1.2907172581766444,0.36556822407068257
COVID19_Study,Spain,new_cases,Block,0.3,mean,19290.510458418205,31828.019431435398,13.791677154391706,0.7200477204100769
COVID19_Study,Spain,new_cases,Block,0.3,median,9129.46783625731,32837.70815835915,1.0377246190161697,0.3407713092001415
COVID19_Study,Spain,new_cases,Block,0.3,most_frequent,9129.46783625731,32837.70815835915,1.0377246190161697,0.3407713092001415
COVID19_Study,Spain,new_cases,Block,0.3,LOCF,9129.46783625731,32837.70815835915,1.0377246190161697,0.3407713092001415
COVID19_Study,Spain,new_cases,Block,0.3,Linear,9129.46783625731,32837.70815835915,1.0377246190161697,0.3407713092001415
COVID19_Study,Spain,new_cases,Block,0.3,Rolling,9217.406432748538,32877.953561361464,1.014693777086176,0.34405375141835337
COVID19_Study,Spain,new_cases,Block,0.3,MICE,20919.806544814182,32137.11049046333,13.791677154391706,0.7808636814708959
COVID19_Study,Spain,new_cases,Block,0.3,SAITS,9130.570953233657,32837.07430864701,1.0377246190161697,0.3408124847235096
COVID19_Study,Spain,new_cases,Block,0.5,mean,20256.554100890353,30374.176794398314,13.89262814962552,0.6464755554561641
COVID19_Study,Spain,new_cases,Block,0.5,median,8568.669001751314,30757.368341065056,1.1600574482859805,0.2734638391523717
COVID19_Study,Spain,new_cases,Block,0.5,most_frequent,8568.669001751314,30757.368341065056,1.1600574482859805,0.2734638391523717
COVID19_Study,Spain,new_cases,Block,0.5,LOCF,8568.669001751314,30757.368341065056,1.1600574482859805,0.2734638391523717
COVID19_Study,Spain,new_cases,Block,0.5,Linear,8568.669001751314,30757.368341065056,1.1600574482859805,0.2734638391523717
COVID19_Study,Spain,new_cases,Block,0.5,Rolling,8568.669001751314,30757.368341065056,1.1600574482859805,0.2734638391523717
COVID19_Study,Spain,new_cases,Block,0.5,MICE,27070.177153267985,33499.20858958038,13.400418077759952,0.8639281747672217
COVID19_Study,Spain,new_cases,Block,0.5,SAITS,8569.582151462462,30756.80309284377,1.1600574482859805,0.2734929817678328
